file,lang,run,time_ms,ok
docker_test_1.yml,java_antlr,0,604.323347,false
docker_test_1.yml,java_antlr,1,0.8674,false
docker_test_1.yml,java_antlr,2,0.6862,false
docker_test_1.yml,java_antlr,3,0.8845,false
docker_test_1.yml,java_antlr,4,0.7957,false
docker_test_1.yml,java_antlr,5,0.8319,false
docker_test_1.yml,java_antlr,6,1.3056,false
docker_test_1.yml,java_antlr,7,0.8318,false
docker_test_1.yml,java_antlr,8,1.1354,false
docker_test_1.yml,java_antlr,9,0.7308,false
docker_test_1.yml,java_antlr,10,1.921,false
docker_test_1.yml,java_antlr,11,0.8091,false
docker_test_1.yml,java_antlr,12,1.1632,false
docker_test_1.yml,java_antlr,13,2.1824,false
docker_test_1.yml,java_antlr,14,0.7608,false
docker_test_1.yml,java_antlr,15,0.6958,false
docker_test_1.yml,java_antlr,16,0.6894,false
docker_test_1.yml,java_antlr,17,0.8236,false
docker_test_1.yml,java_antlr,18,0.8059,false
docker_test_1.yml,java_antlr,19,0.6773,false
docker_test_1.yml,java_antlr,20,0.773999,false
docker_test_1.yml,java_antlr,21,0.7153,false
docker_test_1.yml,java_antlr,22,0.6096,false
docker_test_1.yml,java_antlr,23,0.8061,false
docker_test_1.yml,java_antlr,24,0.5564,false
docker_test_1.yml,java_antlr,25,0.5306,false
docker_test_1.yml,java_antlr,26,0.8781,false
docker_test_1.yml,java_antlr,27,0.6659,false
docker_test_1.yml,java_antlr,28,0.5712,false
docker_test_1.yml,java_antlr,29,0.5994,false
docker_test_1.yml,java_antlr,30,0.4997,false
docker_test_1.yml,java_antlr,31,0.7155,false
docker_test_1.yml,java_antlr,32,0.69,false
docker_test_1.yml,java_antlr,33,0.7898,false
docker_test_1.yml,java_antlr,34,0.6032,false
docker_test_1.yml,java_antlr,35,0.4931,false
docker_test_1.yml,java_antlr,36,1.0317,false
docker_test_1.yml,java_antlr,37,0.6227,false
docker_test_1.yml,java_antlr,38,0.7368,false
docker_test_1.yml,java_antlr,39,0.5584,false
docker_test_1.yml,java_antlr,40,0.5321,false
docker_test_1.yml,java_antlr,41,0.4199,false
docker_test_1.yml,java_antlr,42,0.4919,false
docker_test_1.yml,java_antlr,43,0.5083,false
docker_test_1.yml,java_antlr,44,0.3944,false
docker_test_1.yml,java_antlr,45,0.4772,false
docker_test_1.yml,java_antlr,46,0.8186,false
docker_test_1.yml,java_antlr,47,0.4568,false
docker_test_1.yml,java_antlr,48,0.4187,false
docker_test_1.yml,java_antlr,49,0.3545,false
docker_test_1.yml,java_antlr,50,0.4345,false
docker_test_1.yml,java_antlr,51,0.4315,false
docker_test_1.yml,java_antlr,52,0.3611,false
docker_test_1.yml,java_antlr,53,0.3102,false
docker_test_1.yml,java_antlr,54,0.2741,false
docker_test_1.yml,java_antlr,55,0.3047,false
docker_test_1.yml,java_antlr,56,0.3034,false
docker_test_1.yml,java_antlr,57,0.4356,false
docker_test_1.yml,java_antlr,58,0.3837,false
docker_test_1.yml,java_antlr,59,0.3181,false
docker_test_1.yml,java_antlr,60,0.3064,false
docker_test_1.yml,java_antlr,61,0.5079,false
docker_test_1.yml,java_antlr,62,0.5319,false
docker_test_1.yml,java_antlr,63,0.4277,false
docker_test_1.yml,java_antlr,64,0.4881,false
docker_test_1.yml,java_antlr,65,0.3622,false
docker_test_1.yml,java_antlr,66,0.2869,false
docker_test_1.yml,java_antlr,67,0.2892,false
docker_test_1.yml,java_antlr,68,0.3599,false
docker_test_1.yml,java_antlr,69,0.3675,false
docker_test_1.yml,java_antlr,70,0.3016,false
docker_test_1.yml,java_antlr,71,0.3463,false
docker_test_1.yml,java_antlr,72,0.343999,false
docker_test_1.yml,java_antlr,73,0.3553,false
docker_test_1.yml,java_antlr,74,0.3926,false
docker_test_1.yml,java_antlr,75,0.2972,false
docker_test_1.yml,java_antlr,76,0.4571,false
docker_test_1.yml,java_antlr,77,0.3669,false
docker_test_1.yml,java_antlr,78,0.3818,false
docker_test_1.yml,java_antlr,79,0.4064,false
docker_test_1.yml,java_antlr,80,0.3755,false
docker_test_1.yml,java_antlr,81,0.3624,false
docker_test_1.yml,java_antlr,82,0.3101,false
docker_test_1.yml,java_antlr,83,0.3494,false
docker_test_1.yml,java_antlr,84,0.9831,false
docker_test_1.yml,java_antlr,85,0.3403,false
docker_test_1.yml,java_antlr,86,0.2989,false
docker_test_1.yml,java_antlr,87,0.4124,false
docker_test_1.yml,java_antlr,88,0.4029,false
docker_test_1.yml,java_antlr,89,0.465899,false
docker_test_1.yml,java_antlr,90,0.4238,false
docker_test_1.yml,java_antlr,91,0.2704,false
docker_test_1.yml,java_antlr,92,0.3308,false
docker_test_1.yml,java_antlr,93,0.5347,false
docker_test_1.yml,java_antlr,94,0.3038,false
docker_test_1.yml,java_antlr,95,0.3391,false
docker_test_1.yml,java_antlr,96,0.3059,false
docker_test_1.yml,java_antlr,97,0.2871,false
docker_test_1.yml,java_antlr,98,0.2965,false
docker_test_1.yml,java_antlr,99,0.2812,false
docker_test_1.yml,java_antlr,100,0.5615,false
docker_test_1.yml,java_antlr,101,0.3045,false
docker_test_1.yml,java_antlr,102,0.2864,false
docker_test_1.yml,java_antlr,103,0.4035,false
docker_test_1.yml,java_antlr,104,0.3442,false
docker_test_1.yml,java_antlr,105,0.3879,false
docker_test_1.yml,java_antlr,106,0.345,false
docker_test_1.yml,java_antlr,107,3.539999,false
docker_test_1.yml,java_antlr,108,0.3491,false
docker_test_1.yml,java_antlr,109,0.3854,false
docker_test_1.yml,java_antlr,110,0.4396,false
docker_test_1.yml,java_antlr,111,0.4167,false
docker_test_1.yml,java_antlr,112,0.374,false
docker_test_1.yml,java_antlr,113,0.8446,false
docker_test_1.yml,java_antlr,114,0.3547,false
docker_test_1.yml,java_antlr,115,0.3052,false
docker_test_1.yml,java_antlr,116,0.3127,false
docker_test_1.yml,java_antlr,117,0.4052,false
docker_test_1.yml,java_antlr,118,0.3091,false
docker_test_1.yml,java_antlr,119,0.361099,false
docker_test_1.yml,java_antlr,120,0.3073,false
docker_test_1.yml,java_antlr,121,0.3347,false
docker_test_1.yml,java_antlr,122,0.4646,false
docker_test_1.yml,java_antlr,123,0.3336,false
docker_test_1.yml,java_antlr,124,0.3361,false
docker_test_1.yml,java_antlr,125,0.357,false
docker_test_1.yml,java_antlr,126,0.3384,false
docker_test_1.yml,java_antlr,127,0.6107,false
docker_test_1.yml,java_antlr,128,0.4076,false
docker_test_1.yml,java_antlr,129,0.3424,false
docker_test_1.yml,java_antlr,130,0.2874,false
docker_test_1.yml,java_antlr,131,0.3758,false
docker_test_1.yml,java_antlr,132,0.2872,false
docker_test_1.yml,java_antlr,133,0.3297,false
docker_test_1.yml,java_antlr,134,0.3595,false
docker_test_1.yml,java_antlr,135,0.2438,false
docker_test_1.yml,java_antlr,136,0.2797,false
docker_test_1.yml,java_antlr,137,0.4687,false
docker_test_1.yml,java_antlr,138,0.2425,false
docker_test_1.yml,java_antlr,139,0.2234,false
docker_test_1.yml,java_antlr,140,0.3202,false
docker_test_1.yml,java_antlr,141,0.4076,false
docker_test_1.yml,java_antlr,142,0.3748,false
docker_test_1.yml,java_antlr,143,0.2516,false
docker_test_1.yml,java_antlr,144,0.2553,false
docker_test_1.yml,java_antlr,145,0.2435,false
docker_test_1.yml,java_antlr,146,0.2455,false
docker_test_1.yml,java_antlr,147,0.3419,false
docker_test_1.yml,java_antlr,148,0.2655,false
docker_test_1.yml,java_antlr,149,0.3209,false
docker_test_1.yml,java_antlr,150,0.2569,false
docker_test_1.yml,java_antlr,151,0.3459,false
docker_test_1.yml,java_antlr,152,0.232,false
docker_test_1.yml,java_antlr,153,0.2306,false
docker_test_1.yml,java_antlr,154,0.2909,false
docker_test_1.yml,java_antlr,155,0.2554,false
docker_test_1.yml,java_antlr,156,0.2746,false
docker_test_1.yml,java_antlr,157,0.422899,false
docker_test_1.yml,java_antlr,158,0.3288,false
docker_test_1.yml,java_antlr,159,0.5837,false
docker_test_1.yml,java_antlr,160,0.3169,false
docker_test_1.yml,java_antlr,161,0.2711,false
docker_test_1.yml,java_antlr,162,0.2338,false
docker_test_1.yml,java_antlr,163,0.2555,false
docker_test_1.yml,java_antlr,164,0.2984,false
docker_test_1.yml,java_antlr,165,0.2437,false
docker_test_1.yml,java_antlr,166,0.2585,false
docker_test_1.yml,java_antlr,167,0.2353,false
docker_test_1.yml,java_antlr,168,0.3864,false
docker_test_1.yml,java_antlr,169,0.2809,false
docker_test_1.yml,java_antlr,170,0.3986,false
docker_test_1.yml,java_antlr,171,0.2874,false
docker_test_1.yml,java_antlr,172,0.2895,false
docker_test_1.yml,java_antlr,173,0.3059,false
docker_test_1.yml,java_antlr,174,0.2646,false
docker_test_1.yml,java_antlr,175,0.2562,false
docker_test_1.yml,java_antlr,176,0.2571,false
docker_test_1.yml,java_antlr,177,0.403199,false
docker_test_1.yml,java_antlr,178,0.2392,false
docker_test_1.yml,java_antlr,179,0.237,false
docker_test_1.yml,java_antlr,180,0.3623,false
docker_test_1.yml,java_antlr,181,0.2888,false
docker_test_1.yml,java_antlr,182,0.2195,false
docker_test_1.yml,java_antlr,183,0.209,false
docker_test_1.yml,java_antlr,184,0.1926,false
docker_test_1.yml,java_antlr,185,0.2694,false
docker_test_1.yml,java_antlr,186,0.4336,false
docker_test_1.yml,java_antlr,187,0.3889,false
docker_test_1.yml,java_antlr,188,0.2698,false
docker_test_1.yml,java_antlr,189,0.2642,false
docker_test_1.yml,java_antlr,190,0.279,false
docker_test_1.yml,java_antlr,191,0.3491,false
docker_test_1.yml,java_antlr,192,0.2737,false
docker_test_1.yml,java_antlr,193,0.2795,false
docker_test_1.yml,java_antlr,194,0.3269,false
docker_test_1.yml,java_antlr,195,0.237,false
docker_test_1.yml,java_antlr,196,0.3141,false
docker_test_1.yml,java_antlr,197,0.419,false
docker_test_1.yml,java_antlr,198,0.2296,false
docker_test_1.yml,java_antlr,199,0.2277,false
docker_test_10.yml,java_antlr,0,0.9733,false
docker_test_10.yml,java_antlr,1,0.3535,false
docker_test_10.yml,java_antlr,2,0.3721,false
docker_test_10.yml,java_antlr,3,0.2582,false
docker_test_10.yml,java_antlr,4,0.2441,false
docker_test_10.yml,java_antlr,5,0.2485,false
docker_test_10.yml,java_antlr,6,0.4406,false
docker_test_10.yml,java_antlr,7,0.2917,false
docker_test_10.yml,java_antlr,8,0.2433,false
docker_test_10.yml,java_antlr,9,0.2755,false
docker_test_10.yml,java_antlr,10,0.5914,false
docker_test_10.yml,java_antlr,11,0.2801,false
docker_test_10.yml,java_antlr,12,0.3392,false
docker_test_10.yml,java_antlr,13,0.2253,false
docker_test_10.yml,java_antlr,14,0.2078,false
docker_test_10.yml,java_antlr,15,0.1977,false
docker_test_10.yml,java_antlr,16,0.353,false
docker_test_10.yml,java_antlr,17,0.2323,false
docker_test_10.yml,java_antlr,18,0.2534,false
docker_test_10.yml,java_antlr,19,0.2399,false
docker_test_10.yml,java_antlr,20,0.2469,false
docker_test_10.yml,java_antlr,21,0.2803,false
docker_test_10.yml,java_antlr,22,0.2359,false
docker_test_10.yml,java_antlr,23,0.2317,false
docker_test_10.yml,java_antlr,24,0.2332,false
docker_test_10.yml,java_antlr,25,0.4163,false
docker_test_10.yml,java_antlr,26,0.2419,false
docker_test_10.yml,java_antlr,27,0.2577,false
docker_test_10.yml,java_antlr,28,0.2603,false
docker_test_10.yml,java_antlr,29,0.2322,false
docker_test_10.yml,java_antlr,30,0.3533,false
docker_test_10.yml,java_antlr,31,0.4112,false
docker_test_10.yml,java_antlr,32,0.2414,false
docker_test_10.yml,java_antlr,33,0.2439,false
docker_test_10.yml,java_antlr,34,0.2919,false
docker_test_10.yml,java_antlr,35,0.3705,false
docker_test_10.yml,java_antlr,36,0.2854,false
docker_test_10.yml,java_antlr,37,0.2582,false
docker_test_10.yml,java_antlr,38,0.2734,false
docker_test_10.yml,java_antlr,39,0.2269,false
docker_test_10.yml,java_antlr,40,0.2749,false
docker_test_10.yml,java_antlr,41,0.2396,false
docker_test_10.yml,java_antlr,42,0.2264,false
docker_test_10.yml,java_antlr,43,0.2382,false
docker_test_10.yml,java_antlr,44,0.2405,false
docker_test_10.yml,java_antlr,45,0.4011,false
docker_test_10.yml,java_antlr,46,0.2435,false
docker_test_10.yml,java_antlr,47,0.201,false
docker_test_10.yml,java_antlr,48,0.2744,false
docker_test_10.yml,java_antlr,49,0.2842,false
docker_test_10.yml,java_antlr,50,0.233,false
docker_test_10.yml,java_antlr,51,0.2066,false
docker_test_10.yml,java_antlr,52,0.2371,false
docker_test_10.yml,java_antlr,53,0.2364,false
docker_test_10.yml,java_antlr,54,0.2678,false
docker_test_10.yml,java_antlr,55,0.4309,false
docker_test_10.yml,java_antlr,56,0.2487,false
docker_test_10.yml,java_antlr,57,0.266,false
docker_test_10.yml,java_antlr,58,0.2702,false
docker_test_10.yml,java_antlr,59,0.2341,false
docker_test_10.yml,java_antlr,60,0.2509,false
docker_test_10.yml,java_antlr,61,0.2482,false
docker_test_10.yml,java_antlr,62,0.2303,false
docker_test_10.yml,java_antlr,63,0.3229,false
docker_test_10.yml,java_antlr,64,0.2386,false
docker_test_10.yml,java_antlr,65,0.2389,false
docker_test_10.yml,java_antlr,66,0.2563,false
docker_test_10.yml,java_antlr,67,0.2983,false
docker_test_10.yml,java_antlr,68,0.247,false
docker_test_10.yml,java_antlr,69,0.2308,false
docker_test_10.yml,java_antlr,70,0.2664,false
docker_test_10.yml,java_antlr,71,0.2146,false
docker_test_10.yml,java_antlr,72,0.2143,false
docker_test_10.yml,java_antlr,73,0.3217,false
docker_test_10.yml,java_antlr,74,0.2215,false
docker_test_10.yml,java_antlr,75,0.2123,false
docker_test_10.yml,java_antlr,76,0.2213,false
docker_test_10.yml,java_antlr,77,0.2424,false
docker_test_10.yml,java_antlr,78,0.2067,false
docker_test_10.yml,java_antlr,79,0.2051,false
docker_test_10.yml,java_antlr,80,0.1982,false
docker_test_10.yml,java_antlr,81,0.2136,false
docker_test_10.yml,java_antlr,82,0.2437,false
docker_test_10.yml,java_antlr,83,0.2426,false
docker_test_10.yml,java_antlr,84,0.2661,false
docker_test_10.yml,java_antlr,85,0.4682,false
docker_test_10.yml,java_antlr,86,0.2542,false
docker_test_10.yml,java_antlr,87,0.247999,false
docker_test_10.yml,java_antlr,88,0.2419,false
docker_test_10.yml,java_antlr,89,0.2683,false
docker_test_10.yml,java_antlr,90,0.2705,false
docker_test_10.yml,java_antlr,91,0.2475,false
docker_test_10.yml,java_antlr,92,0.2913,false
docker_test_10.yml,java_antlr,93,0.4625,false
docker_test_10.yml,java_antlr,94,0.2373,false
docker_test_10.yml,java_antlr,95,0.2555,false
docker_test_10.yml,java_antlr,96,0.2894,false
docker_test_10.yml,java_antlr,97,0.2341,false
docker_test_10.yml,java_antlr,98,0.3184,false
docker_test_10.yml,java_antlr,99,1.5103,false
docker_test_10.yml,java_antlr,100,0.5486,false
docker_test_10.yml,java_antlr,101,0.5429,false
docker_test_10.yml,java_antlr,102,0.745699,false
docker_test_10.yml,java_antlr,103,0.4663,false
docker_test_10.yml,java_antlr,104,0.2628,false
docker_test_10.yml,java_antlr,105,0.3406,false
docker_test_10.yml,java_antlr,106,0.2634,false
docker_test_10.yml,java_antlr,107,0.4203,false
docker_test_10.yml,java_antlr,108,0.2366,false
docker_test_10.yml,java_antlr,109,0.2492,false
docker_test_10.yml,java_antlr,110,0.2418,false
docker_test_10.yml,java_antlr,111,0.2217,false
docker_test_10.yml,java_antlr,112,0.3236,false
docker_test_10.yml,java_antlr,113,0.6245,false
docker_test_10.yml,java_antlr,114,1.549,false
docker_test_10.yml,java_antlr,115,0.4792,false
docker_test_10.yml,java_antlr,116,0.8973,false
docker_test_10.yml,java_antlr,117,0.484,false
docker_test_10.yml,java_antlr,118,0.3791,false
docker_test_10.yml,java_antlr,119,0.3343,false
docker_test_10.yml,java_antlr,120,0.2436,false
docker_test_10.yml,java_antlr,121,0.2389,false
docker_test_10.yml,java_antlr,122,0.339,false
docker_test_10.yml,java_antlr,123,0.4211,false
docker_test_10.yml,java_antlr,124,0.3449,false
docker_test_10.yml,java_antlr,125,0.2665,false
docker_test_10.yml,java_antlr,126,0.3031,false
docker_test_10.yml,java_antlr,127,0.2297,false
docker_test_10.yml,java_antlr,128,0.2722,false
docker_test_10.yml,java_antlr,129,0.6575,false
docker_test_10.yml,java_antlr,130,0.4532,false
docker_test_10.yml,java_antlr,131,0.433,false
docker_test_10.yml,java_antlr,132,0.9793,false
docker_test_10.yml,java_antlr,133,2.9617,false
docker_test_10.yml,java_antlr,134,0.2884,false
docker_test_10.yml,java_antlr,135,0.262,false
docker_test_10.yml,java_antlr,136,0.4,false
docker_test_10.yml,java_antlr,137,0.252,false
docker_test_10.yml,java_antlr,138,0.7694,false
docker_test_10.yml,java_antlr,139,1.9407,false
docker_test_10.yml,java_antlr,140,0.4846,false
docker_test_10.yml,java_antlr,141,0.7447,false
docker_test_10.yml,java_antlr,142,0.3958,false
docker_test_10.yml,java_antlr,143,0.2558,false
docker_test_10.yml,java_antlr,144,0.3568,false
docker_test_10.yml,java_antlr,145,0.5159,false
docker_test_10.yml,java_antlr,146,0.592,false
docker_test_10.yml,java_antlr,147,0.2457,false
docker_test_10.yml,java_antlr,148,0.2389,false
docker_test_10.yml,java_antlr,149,0.2564,false
docker_test_10.yml,java_antlr,150,0.2436,false
docker_test_10.yml,java_antlr,151,0.2542,false
docker_test_10.yml,java_antlr,152,0.2353,false
docker_test_10.yml,java_antlr,153,0.3833,false
docker_test_10.yml,java_antlr,154,0.256,false
docker_test_10.yml,java_antlr,155,0.6289,false
docker_test_10.yml,java_antlr,156,1.0304,false
docker_test_10.yml,java_antlr,157,1.3134,false
docker_test_10.yml,java_antlr,158,0.2558,false
docker_test_10.yml,java_antlr,159,0.3896,false
docker_test_10.yml,java_antlr,160,0.2565,false
docker_test_10.yml,java_antlr,161,0.6621,false
docker_test_10.yml,java_antlr,162,0.6029,false
docker_test_10.yml,java_antlr,163,0.3766,false
docker_test_10.yml,java_antlr,164,0.3074,false
docker_test_10.yml,java_antlr,165,0.2451,false
docker_test_10.yml,java_antlr,166,0.2591,false
docker_test_10.yml,java_antlr,167,0.2283,false
docker_test_10.yml,java_antlr,168,0.3102,false
docker_test_10.yml,java_antlr,169,0.2375,false
docker_test_10.yml,java_antlr,170,0.3032,false
docker_test_10.yml,java_antlr,171,0.2465,false
docker_test_10.yml,java_antlr,172,0.2557,false
docker_test_10.yml,java_antlr,173,0.3483,false
docker_test_10.yml,java_antlr,174,0.2554,false
docker_test_10.yml,java_antlr,175,0.4453,false
docker_test_10.yml,java_antlr,176,0.519999,false
docker_test_10.yml,java_antlr,177,0.5583,false
docker_test_10.yml,java_antlr,178,0.638,false
docker_test_10.yml,java_antlr,179,1.4972,false
docker_test_10.yml,java_antlr,180,1.782,false
docker_test_10.yml,java_antlr,181,0.3644,false
docker_test_10.yml,java_antlr,182,0.3753,false
docker_test_10.yml,java_antlr,183,0.4879,false
docker_test_10.yml,java_antlr,184,0.7273,false
docker_test_10.yml,java_antlr,185,0.6237,false
docker_test_10.yml,java_antlr,186,0.3346,false
docker_test_10.yml,java_antlr,187,0.2428,false
docker_test_10.yml,java_antlr,188,0.2183,false
docker_test_10.yml,java_antlr,189,0.2874,false
docker_test_10.yml,java_antlr,190,0.2395,false
docker_test_10.yml,java_antlr,191,0.2804,false
docker_test_10.yml,java_antlr,192,1.8269,false
docker_test_10.yml,java_antlr,193,0.245,false
docker_test_10.yml,java_antlr,194,0.244,false
docker_test_10.yml,java_antlr,195,0.3545,false
docker_test_10.yml,java_antlr,196,0.2146,false
docker_test_10.yml,java_antlr,197,0.2252,false
docker_test_10.yml,java_antlr,198,0.234,false
docker_test_10.yml,java_antlr,199,0.2266,false
docker_test_2.yml,java_antlr,0,0.3964,false
docker_test_2.yml,java_antlr,1,0.2384,false
docker_test_2.yml,java_antlr,2,0.2469,false
docker_test_2.yml,java_antlr,3,0.2678,false
docker_test_2.yml,java_antlr,4,0.3432,false
docker_test_2.yml,java_antlr,5,0.2243,false
docker_test_2.yml,java_antlr,6,0.2026,false
docker_test_2.yml,java_antlr,7,0.2086,false
docker_test_2.yml,java_antlr,8,0.2104,false
docker_test_2.yml,java_antlr,9,0.2083,false
docker_test_2.yml,java_antlr,10,0.1997,false
docker_test_2.yml,java_antlr,11,0.1919,false
docker_test_2.yml,java_antlr,12,0.1964,false
docker_test_2.yml,java_antlr,13,0.2012,false
docker_test_2.yml,java_antlr,14,0.307,false
docker_test_2.yml,java_antlr,15,0.2107,false
docker_test_2.yml,java_antlr,16,0.1993,false
docker_test_2.yml,java_antlr,17,0.213,false
docker_test_2.yml,java_antlr,18,0.2183,false
docker_test_2.yml,java_antlr,19,0.2083,false
docker_test_2.yml,java_antlr,20,0.2247,false
docker_test_2.yml,java_antlr,21,0.2322,false
docker_test_2.yml,java_antlr,22,0.3251,false
docker_test_2.yml,java_antlr,23,0.6247,false
docker_test_2.yml,java_antlr,24,0.2304,false
docker_test_2.yml,java_antlr,25,0.2157,false
docker_test_2.yml,java_antlr,26,0.3067,false
docker_test_2.yml,java_antlr,27,0.2674,false
docker_test_2.yml,java_antlr,28,0.2265,false
docker_test_2.yml,java_antlr,29,0.2059,false
docker_test_2.yml,java_antlr,30,0.1917,false
docker_test_2.yml,java_antlr,31,0.2053,false
docker_test_2.yml,java_antlr,32,0.185,false
docker_test_2.yml,java_antlr,33,0.1912,false
docker_test_2.yml,java_antlr,34,0.1857,false
docker_test_2.yml,java_antlr,35,0.1838,false
docker_test_2.yml,java_antlr,36,0.1867,false
docker_test_2.yml,java_antlr,37,0.1916,false
docker_test_2.yml,java_antlr,38,0.2246,false
docker_test_2.yml,java_antlr,39,0.2008,false
docker_test_2.yml,java_antlr,40,0.2203,false
docker_test_2.yml,java_antlr,41,0.26,false
docker_test_2.yml,java_antlr,42,0.2151,false
docker_test_2.yml,java_antlr,43,0.247,false
docker_test_2.yml,java_antlr,44,0.2169,false
docker_test_2.yml,java_antlr,45,0.3908,false
docker_test_2.yml,java_antlr,46,0.2915,false
docker_test_2.yml,java_antlr,47,0.2214,false
docker_test_2.yml,java_antlr,48,0.2876,false
docker_test_2.yml,java_antlr,49,0.2249,false
docker_test_2.yml,java_antlr,50,0.212,false
docker_test_2.yml,java_antlr,51,0.356399,false
docker_test_2.yml,java_antlr,52,0.2211,false
docker_test_2.yml,java_antlr,53,0.2559,false
docker_test_2.yml,java_antlr,54,0.1904,false
docker_test_2.yml,java_antlr,55,0.1876,false
docker_test_2.yml,java_antlr,56,0.174,false
docker_test_2.yml,java_antlr,57,0.1783,false
docker_test_2.yml,java_antlr,58,0.2926,false
docker_test_2.yml,java_antlr,59,0.2801,false
docker_test_2.yml,java_antlr,60,0.3757,false
docker_test_2.yml,java_antlr,61,0.1777,false
docker_test_2.yml,java_antlr,62,0.198,false
docker_test_2.yml,java_antlr,63,0.1824,false
docker_test_2.yml,java_antlr,64,0.1618,false
docker_test_2.yml,java_antlr,65,0.2513,false
docker_test_2.yml,java_antlr,66,0.1779,false
docker_test_2.yml,java_antlr,67,0.1591,false
docker_test_2.yml,java_antlr,68,0.1837,false
docker_test_2.yml,java_antlr,69,0.1734,false
docker_test_2.yml,java_antlr,70,0.2645,false
docker_test_2.yml,java_antlr,71,0.2294,false
docker_test_2.yml,java_antlr,72,0.1896,false
docker_test_2.yml,java_antlr,73,0.3088,false
docker_test_2.yml,java_antlr,74,0.2307,false
docker_test_2.yml,java_antlr,75,0.2125,false
docker_test_2.yml,java_antlr,76,0.1943,false
docker_test_2.yml,java_antlr,77,0.1981,false
docker_test_2.yml,java_antlr,78,0.2026,false
docker_test_2.yml,java_antlr,79,0.2496,false
docker_test_2.yml,java_antlr,80,0.3181,false
docker_test_2.yml,java_antlr,81,0.2252,false
docker_test_2.yml,java_antlr,82,0.295,false
docker_test_2.yml,java_antlr,83,0.2197,false
docker_test_2.yml,java_antlr,84,0.215,false
docker_test_2.yml,java_antlr,85,0.2596,false
docker_test_2.yml,java_antlr,86,0.2253,false
docker_test_2.yml,java_antlr,87,0.2167,false
docker_test_2.yml,java_antlr,88,0.2227,false
docker_test_2.yml,java_antlr,89,0.3434,false
docker_test_2.yml,java_antlr,90,0.2251,false
docker_test_2.yml,java_antlr,91,0.2195,false
docker_test_2.yml,java_antlr,92,0.2272,false
docker_test_2.yml,java_antlr,93,0.2279,false
docker_test_2.yml,java_antlr,94,0.2229,false
docker_test_2.yml,java_antlr,95,1.1841,false
docker_test_2.yml,java_antlr,96,0.1992,false
docker_test_2.yml,java_antlr,97,0.1985,false
docker_test_2.yml,java_antlr,98,0.195,false
docker_test_2.yml,java_antlr,99,0.2924,false
docker_test_2.yml,java_antlr,100,0.1917,false
docker_test_2.yml,java_antlr,101,0.2317,false
docker_test_2.yml,java_antlr,102,0.1944,false
docker_test_2.yml,java_antlr,103,0.2023,false
docker_test_2.yml,java_antlr,104,0.197,false
docker_test_2.yml,java_antlr,105,0.1833,false
docker_test_2.yml,java_antlr,106,0.1922,false
docker_test_2.yml,java_antlr,107,0.2153,false
docker_test_2.yml,java_antlr,108,0.2097,false
docker_test_2.yml,java_antlr,109,0.3824,false
docker_test_2.yml,java_antlr,110,0.2042,false
docker_test_2.yml,java_antlr,111,0.6987,false
docker_test_2.yml,java_antlr,112,0.282,false
docker_test_2.yml,java_antlr,113,0.2986,false
docker_test_2.yml,java_antlr,114,0.3238,false
docker_test_2.yml,java_antlr,115,0.2942,false
docker_test_2.yml,java_antlr,116,0.1956,false
docker_test_2.yml,java_antlr,117,0.2411,false
docker_test_2.yml,java_antlr,118,0.1969,false
docker_test_2.yml,java_antlr,119,0.1757,false
docker_test_2.yml,java_antlr,120,0.2281,false
docker_test_2.yml,java_antlr,121,0.2209,false
docker_test_2.yml,java_antlr,122,0.2611,false
docker_test_2.yml,java_antlr,123,0.191,false
docker_test_2.yml,java_antlr,124,0.3414,false
docker_test_2.yml,java_antlr,125,0.2178,false
docker_test_2.yml,java_antlr,126,0.2206,false
docker_test_2.yml,java_antlr,127,0.2163,false
docker_test_2.yml,java_antlr,128,0.206,false
docker_test_2.yml,java_antlr,129,0.2399,false
docker_test_2.yml,java_antlr,130,0.2181,false
docker_test_2.yml,java_antlr,131,0.2134,false
docker_test_2.yml,java_antlr,132,0.2236,false
docker_test_2.yml,java_antlr,133,0.1966,false
docker_test_2.yml,java_antlr,134,0.3075,false
docker_test_2.yml,java_antlr,135,0.215,false
docker_test_2.yml,java_antlr,136,0.2106,false
docker_test_2.yml,java_antlr,137,0.2571,false
docker_test_2.yml,java_antlr,138,0.271,false
docker_test_2.yml,java_antlr,139,0.2031,false
docker_test_2.yml,java_antlr,140,0.2075,false
docker_test_2.yml,java_antlr,141,0.2176,false
docker_test_2.yml,java_antlr,142,0.2202,false
docker_test_2.yml,java_antlr,143,0.3347,false
docker_test_2.yml,java_antlr,144,0.2511,false
docker_test_2.yml,java_antlr,145,0.2005,false
docker_test_2.yml,java_antlr,146,0.2082,false
docker_test_2.yml,java_antlr,147,0.2311,false
docker_test_2.yml,java_antlr,148,0.2766,false
docker_test_2.yml,java_antlr,149,0.2659,false
docker_test_2.yml,java_antlr,150,0.2425,false
docker_test_2.yml,java_antlr,151,0.322,false
docker_test_2.yml,java_antlr,152,0.4743,false
docker_test_2.yml,java_antlr,153,0.2051,false
docker_test_2.yml,java_antlr,154,0.3345,false
docker_test_2.yml,java_antlr,155,0.2063,false
docker_test_2.yml,java_antlr,156,0.1828,false
docker_test_2.yml,java_antlr,157,0.2284,false
docker_test_2.yml,java_antlr,158,0.1972,false
docker_test_2.yml,java_antlr,159,0.1865,false
docker_test_2.yml,java_antlr,160,0.1914,false
docker_test_2.yml,java_antlr,161,0.5002,false
docker_test_2.yml,java_antlr,162,0.2084,false
docker_test_2.yml,java_antlr,163,0.2099,false
docker_test_2.yml,java_antlr,164,0.3462,false
docker_test_2.yml,java_antlr,165,0.4652,false
docker_test_2.yml,java_antlr,166,0.2163,false
docker_test_2.yml,java_antlr,167,0.2039,false
docker_test_2.yml,java_antlr,168,0.2114,false
docker_test_2.yml,java_antlr,169,0.235,false
docker_test_2.yml,java_antlr,170,0.2147,false
docker_test_2.yml,java_antlr,171,0.2469,false
docker_test_2.yml,java_antlr,172,0.2279,false
docker_test_2.yml,java_antlr,173,1.6564,false
docker_test_2.yml,java_antlr,174,0.2168,false
docker_test_2.yml,java_antlr,175,0.1806,false
docker_test_2.yml,java_antlr,176,0.215,false
docker_test_2.yml,java_antlr,177,0.1993,false
docker_test_2.yml,java_antlr,178,0.2095,false
docker_test_2.yml,java_antlr,179,0.2357,false
docker_test_2.yml,java_antlr,180,0.1949,false
docker_test_2.yml,java_antlr,181,0.2012,false
docker_test_2.yml,java_antlr,182,0.2975,false
docker_test_2.yml,java_antlr,183,1.847899,false
docker_test_2.yml,java_antlr,184,0.3515,false
docker_test_2.yml,java_antlr,185,0.1989,false
docker_test_2.yml,java_antlr,186,0.1935,false
docker_test_2.yml,java_antlr,187,0.1784,false
docker_test_2.yml,java_antlr,188,0.5078,false
docker_test_2.yml,java_antlr,189,1.6776,false
docker_test_2.yml,java_antlr,190,0.3584,false
docker_test_2.yml,java_antlr,191,0.1957,false
docker_test_2.yml,java_antlr,192,0.1858,false
docker_test_2.yml,java_antlr,193,0.1712,false
docker_test_2.yml,java_antlr,194,0.2687,false
docker_test_2.yml,java_antlr,195,0.1772,false
docker_test_2.yml,java_antlr,196,0.2117,false
docker_test_2.yml,java_antlr,197,0.1774,false
docker_test_2.yml,java_antlr,198,0.1655,false
docker_test_2.yml,java_antlr,199,0.1688,false
docker_test_3.yml,java_antlr,0,0.4298,false
docker_test_3.yml,java_antlr,1,0.2318,false
docker_test_3.yml,java_antlr,2,0.2177,false
docker_test_3.yml,java_antlr,3,0.6141,false
docker_test_3.yml,java_antlr,4,0.225,false
docker_test_3.yml,java_antlr,5,0.2022,false
docker_test_3.yml,java_antlr,6,0.1823,false
docker_test_3.yml,java_antlr,7,0.1761,false
docker_test_3.yml,java_antlr,8,0.1731,false
docker_test_3.yml,java_antlr,9,0.1872,false
docker_test_3.yml,java_antlr,10,0.1679,false
docker_test_3.yml,java_antlr,11,0.2124,false
docker_test_3.yml,java_antlr,12,0.2201,false
docker_test_3.yml,java_antlr,13,0.2805,false
docker_test_3.yml,java_antlr,14,0.1836,false
docker_test_3.yml,java_antlr,15,0.1775,false
docker_test_3.yml,java_antlr,16,0.1767,false
docker_test_3.yml,java_antlr,17,0.1809,false
docker_test_3.yml,java_antlr,18,0.2019,false
docker_test_3.yml,java_antlr,19,0.1605,false
docker_test_3.yml,java_antlr,20,0.3823,false
docker_test_3.yml,java_antlr,21,0.2113,false
docker_test_3.yml,java_antlr,22,0.2258,false
docker_test_3.yml,java_antlr,23,1.0529,false
docker_test_3.yml,java_antlr,24,0.1954,false
docker_test_3.yml,java_antlr,25,0.1932,false
docker_test_3.yml,java_antlr,26,0.2181,false
docker_test_3.yml,java_antlr,27,0.1921,false
docker_test_3.yml,java_antlr,28,0.1833,false
docker_test_3.yml,java_antlr,29,0.1711,false
docker_test_3.yml,java_antlr,30,0.1714,false
docker_test_3.yml,java_antlr,31,0.1701,false
docker_test_3.yml,java_antlr,32,0.1616,false
docker_test_3.yml,java_antlr,33,0.2946,false
docker_test_3.yml,java_antlr,34,0.2322,false
docker_test_3.yml,java_antlr,35,0.189,false
docker_test_3.yml,java_antlr,36,0.2703,false
docker_test_3.yml,java_antlr,37,0.2806,false
docker_test_3.yml,java_antlr,38,0.24,false
docker_test_3.yml,java_antlr,39,0.3394,false
docker_test_3.yml,java_antlr,40,0.235,false
docker_test_3.yml,java_antlr,41,0.2035,false
docker_test_3.yml,java_antlr,42,0.2303,false
docker_test_3.yml,java_antlr,43,0.5591,false
docker_test_3.yml,java_antlr,44,0.4581,false
docker_test_3.yml,java_antlr,45,0.2121,false
docker_test_3.yml,java_antlr,46,0.2285,false
docker_test_3.yml,java_antlr,47,0.2478,false
docker_test_3.yml,java_antlr,48,0.1933,false
docker_test_3.yml,java_antlr,49,0.3704,false
docker_test_3.yml,java_antlr,50,0.6323,false
docker_test_3.yml,java_antlr,51,0.2609,false
docker_test_3.yml,java_antlr,52,0.2234,false
docker_test_3.yml,java_antlr,53,0.2151,false
docker_test_3.yml,java_antlr,54,0.2225,false
docker_test_3.yml,java_antlr,55,0.5313,false
docker_test_3.yml,java_antlr,56,0.3062,false
docker_test_3.yml,java_antlr,57,0.1916,false
docker_test_3.yml,java_antlr,58,3.4072,false
docker_test_3.yml,java_antlr,59,0.3873,false
docker_test_3.yml,java_antlr,60,0.2894,false
docker_test_3.yml,java_antlr,61,0.2186,false
docker_test_3.yml,java_antlr,62,0.2101,false
docker_test_3.yml,java_antlr,63,0.2265,false
docker_test_3.yml,java_antlr,64,0.2973,false
docker_test_3.yml,java_antlr,65,0.6919,false
docker_test_3.yml,java_antlr,66,0.2587,false
docker_test_3.yml,java_antlr,67,0.2813,false
docker_test_3.yml,java_antlr,68,0.2111,false
docker_test_3.yml,java_antlr,69,0.2378,false
docker_test_3.yml,java_antlr,70,0.2288,false
docker_test_3.yml,java_antlr,71,0.2054,false
docker_test_3.yml,java_antlr,72,0.1979,false
docker_test_3.yml,java_antlr,73,0.2288,false
docker_test_3.yml,java_antlr,74,0.2071,false
docker_test_3.yml,java_antlr,75,0.1909,false
docker_test_3.yml,java_antlr,76,1.2197,false
docker_test_3.yml,java_antlr,77,0.2659,false
docker_test_3.yml,java_antlr,78,1.1894,false
docker_test_3.yml,java_antlr,79,0.2186,false
docker_test_3.yml,java_antlr,80,0.3321,false
docker_test_3.yml,java_antlr,81,0.2105,false
docker_test_3.yml,java_antlr,82,0.205,false
docker_test_3.yml,java_antlr,83,0.19,false
docker_test_3.yml,java_antlr,84,0.2822,false
docker_test_3.yml,java_antlr,85,0.2445,false
docker_test_3.yml,java_antlr,86,0.2011,false
docker_test_3.yml,java_antlr,87,0.2764,false
docker_test_3.yml,java_antlr,88,0.2841,false
docker_test_3.yml,java_antlr,89,0.1802,false
docker_test_3.yml,java_antlr,90,0.1744,false
docker_test_3.yml,java_antlr,91,0.3778,false
docker_test_3.yml,java_antlr,92,0.222,false
docker_test_3.yml,java_antlr,93,0.208099,false
docker_test_3.yml,java_antlr,94,0.2753,false
docker_test_3.yml,java_antlr,95,0.1889,false
docker_test_3.yml,java_antlr,96,0.3251,false
docker_test_3.yml,java_antlr,97,0.2451,false
docker_test_3.yml,java_antlr,98,0.1636,false
docker_test_3.yml,java_antlr,99,0.146,false
docker_test_3.yml,java_antlr,100,0.1653,false
docker_test_3.yml,java_antlr,101,0.1449,false
docker_test_3.yml,java_antlr,102,0.1852,false
docker_test_3.yml,java_antlr,103,0.2084,false
docker_test_3.yml,java_antlr,104,0.148,false
docker_test_3.yml,java_antlr,105,0.1531,false
docker_test_3.yml,java_antlr,106,0.1384,false
docker_test_3.yml,java_antlr,107,0.1355,false
docker_test_3.yml,java_antlr,108,0.128,false
docker_test_3.yml,java_antlr,109,0.1416,false
docker_test_3.yml,java_antlr,110,0.4997,false
docker_test_3.yml,java_antlr,111,0.2624,false
docker_test_3.yml,java_antlr,112,0.2185,false
docker_test_3.yml,java_antlr,113,0.2705,false
docker_test_3.yml,java_antlr,114,0.2892,false
docker_test_3.yml,java_antlr,115,0.2376,false
docker_test_3.yml,java_antlr,116,0.1783,false
docker_test_3.yml,java_antlr,117,0.1493,false
docker_test_3.yml,java_antlr,118,0.3526,false
docker_test_3.yml,java_antlr,119,0.2224,false
docker_test_3.yml,java_antlr,120,0.1801,false
docker_test_3.yml,java_antlr,121,0.1669,false
docker_test_3.yml,java_antlr,122,0.2509,false
docker_test_3.yml,java_antlr,123,0.1657,false
docker_test_3.yml,java_antlr,124,0.2835,false
docker_test_3.yml,java_antlr,125,0.1833,false
docker_test_3.yml,java_antlr,126,0.1939,false
docker_test_3.yml,java_antlr,127,0.1635,false
docker_test_3.yml,java_antlr,128,0.1552,false
docker_test_3.yml,java_antlr,129,0.1645,false
docker_test_3.yml,java_antlr,130,0.1598,false
docker_test_3.yml,java_antlr,131,0.1918,false
docker_test_3.yml,java_antlr,132,0.2089,false
docker_test_3.yml,java_antlr,133,0.2476,false
docker_test_3.yml,java_antlr,134,0.1898,false
docker_test_3.yml,java_antlr,135,0.1894,false
docker_test_3.yml,java_antlr,136,0.1823,false
docker_test_3.yml,java_antlr,137,0.2248,false
docker_test_3.yml,java_antlr,138,0.1863,false
docker_test_3.yml,java_antlr,139,0.2294,false
docker_test_3.yml,java_antlr,140,0.2048,false
docker_test_3.yml,java_antlr,141,0.239,false
docker_test_3.yml,java_antlr,142,0.213,false
docker_test_3.yml,java_antlr,143,0.1801,false
docker_test_3.yml,java_antlr,144,0.1688,false
docker_test_3.yml,java_antlr,145,0.1616,false
docker_test_3.yml,java_antlr,146,0.1546,false
docker_test_3.yml,java_antlr,147,0.1609,false
docker_test_3.yml,java_antlr,148,0.1729,false
docker_test_3.yml,java_antlr,149,0.2349,false
docker_test_3.yml,java_antlr,150,0.2464,false
docker_test_3.yml,java_antlr,151,3.6199,false
docker_test_3.yml,java_antlr,152,0.3622,false
docker_test_3.yml,java_antlr,153,0.1934,false
docker_test_3.yml,java_antlr,154,0.227,false
docker_test_3.yml,java_antlr,155,0.2148,false
docker_test_3.yml,java_antlr,156,0.1886,false
docker_test_3.yml,java_antlr,157,0.1938,false
docker_test_3.yml,java_antlr,158,0.2115,false
docker_test_3.yml,java_antlr,159,0.215,false
docker_test_3.yml,java_antlr,160,0.1909,false
docker_test_3.yml,java_antlr,161,1.839199,false
docker_test_3.yml,java_antlr,162,0.176,false
docker_test_3.yml,java_antlr,163,0.2144,false
docker_test_3.yml,java_antlr,164,0.1984,false
docker_test_3.yml,java_antlr,165,0.1657,false
docker_test_3.yml,java_antlr,166,0.1741,false
docker_test_3.yml,java_antlr,167,0.2216,false
docker_test_3.yml,java_antlr,168,0.2328,false
docker_test_3.yml,java_antlr,169,0.1825,false
docker_test_3.yml,java_antlr,170,0.1915,false
docker_test_3.yml,java_antlr,171,0.2079,false
docker_test_3.yml,java_antlr,172,0.2002,false
docker_test_3.yml,java_antlr,173,0.2047,false
docker_test_3.yml,java_antlr,174,16.319899,false
docker_test_3.yml,java_antlr,175,0.2274,false
docker_test_3.yml,java_antlr,176,0.2221,false
docker_test_3.yml,java_antlr,177,0.1891,false
docker_test_3.yml,java_antlr,178,0.1577,false
docker_test_3.yml,java_antlr,179,0.160099,false
docker_test_3.yml,java_antlr,180,0.2031,false
docker_test_3.yml,java_antlr,181,0.1521,false
docker_test_3.yml,java_antlr,182,0.1515,false
docker_test_3.yml,java_antlr,183,0.1452,false
docker_test_3.yml,java_antlr,184,0.2058,false
docker_test_3.yml,java_antlr,185,0.1968,false
docker_test_3.yml,java_antlr,186,0.1869,false
docker_test_3.yml,java_antlr,187,0.1705,false
docker_test_3.yml,java_antlr,188,0.1511,false
docker_test_3.yml,java_antlr,189,0.1606,false
docker_test_3.yml,java_antlr,190,0.1918,false
docker_test_3.yml,java_antlr,191,0.2355,false
docker_test_3.yml,java_antlr,192,0.155,false
docker_test_3.yml,java_antlr,193,0.1365,false
docker_test_3.yml,java_antlr,194,0.1787,false
docker_test_3.yml,java_antlr,195,0.1518,false
docker_test_3.yml,java_antlr,196,0.151,false
docker_test_3.yml,java_antlr,197,0.1588,false
docker_test_3.yml,java_antlr,198,0.1527,false
docker_test_3.yml,java_antlr,199,0.1319,false
docker_test_4.yml,java_antlr,0,0.2809,false
docker_test_4.yml,java_antlr,1,0.1691,false
docker_test_4.yml,java_antlr,2,0.152,false
docker_test_4.yml,java_antlr,3,0.1313,false
docker_test_4.yml,java_antlr,4,0.2308,false
docker_test_4.yml,java_antlr,5,0.2148,false
docker_test_4.yml,java_antlr,6,0.1576,false
docker_test_4.yml,java_antlr,7,0.1682,false
docker_test_4.yml,java_antlr,8,0.1374,false
docker_test_4.yml,java_antlr,9,0.1282,false
docker_test_4.yml,java_antlr,10,0.2172,false
docker_test_4.yml,java_antlr,11,0.1785,false
docker_test_4.yml,java_antlr,12,0.1467,false
docker_test_4.yml,java_antlr,13,0.1289,false
docker_test_4.yml,java_antlr,14,0.16,false
docker_test_4.yml,java_antlr,15,0.1276,false
docker_test_4.yml,java_antlr,16,0.1205,false
docker_test_4.yml,java_antlr,17,0.1231,false
docker_test_4.yml,java_antlr,18,0.1476,false
docker_test_4.yml,java_antlr,19,0.1448,false
docker_test_4.yml,java_antlr,20,0.1544,false
docker_test_4.yml,java_antlr,21,0.134,false
docker_test_4.yml,java_antlr,22,0.14,false
docker_test_4.yml,java_antlr,23,0.1051,false
docker_test_4.yml,java_antlr,24,0.2218,false
docker_test_4.yml,java_antlr,25,0.1459,false
docker_test_4.yml,java_antlr,26,0.141,false
docker_test_4.yml,java_antlr,27,0.1361,false
docker_test_4.yml,java_antlr,28,0.161,false
docker_test_4.yml,java_antlr,29,0.1339,false
docker_test_4.yml,java_antlr,30,0.1335,false
docker_test_4.yml,java_antlr,31,0.1314,false
docker_test_4.yml,java_antlr,32,0.1667,false
docker_test_4.yml,java_antlr,33,0.198,false
docker_test_4.yml,java_antlr,34,0.191,false
docker_test_4.yml,java_antlr,35,0.1681,false
docker_test_4.yml,java_antlr,36,0.1773,false
docker_test_4.yml,java_antlr,37,0.1971,false
docker_test_4.yml,java_antlr,38,0.1623,false
docker_test_4.yml,java_antlr,39,0.1522,false
docker_test_4.yml,java_antlr,40,0.1783,false
docker_test_4.yml,java_antlr,41,0.1997,false
docker_test_4.yml,java_antlr,42,0.1604,false
docker_test_4.yml,java_antlr,43,0.1942,false
docker_test_4.yml,java_antlr,44,0.1547,false
docker_test_4.yml,java_antlr,45,0.1195,false
docker_test_4.yml,java_antlr,46,0.1099,false
docker_test_4.yml,java_antlr,47,0.1061,false
docker_test_4.yml,java_antlr,48,0.1057,false
docker_test_4.yml,java_antlr,49,0.104,false
docker_test_4.yml,java_antlr,50,0.1874,false
docker_test_4.yml,java_antlr,51,0.1115,false
docker_test_4.yml,java_antlr,52,0.1748,false
docker_test_4.yml,java_antlr,53,0.1305,false
docker_test_4.yml,java_antlr,54,0.1935,false
docker_test_4.yml,java_antlr,55,0.1381,false
docker_test_4.yml,java_antlr,56,0.13,false
docker_test_4.yml,java_antlr,57,0.1245,false
docker_test_4.yml,java_antlr,58,0.2084,false
docker_test_4.yml,java_antlr,59,0.1611,false
docker_test_4.yml,java_antlr,60,0.1542,false
docker_test_4.yml,java_antlr,61,0.1453,false
docker_test_4.yml,java_antlr,62,0.1492,false
docker_test_4.yml,java_antlr,63,0.1503,false
docker_test_4.yml,java_antlr,64,0.1173,false
docker_test_4.yml,java_antlr,65,0.158,false
docker_test_4.yml,java_antlr,66,0.1263,false
docker_test_4.yml,java_antlr,67,0.1157,false
docker_test_4.yml,java_antlr,68,0.1173,false
docker_test_4.yml,java_antlr,69,0.1103,false
docker_test_4.yml,java_antlr,70,0.1062,false
docker_test_4.yml,java_antlr,71,0.1101,false
docker_test_4.yml,java_antlr,72,0.1049,false
docker_test_4.yml,java_antlr,73,0.1331,false
docker_test_4.yml,java_antlr,74,0.1424,false
docker_test_4.yml,java_antlr,75,0.1576,false
docker_test_4.yml,java_antlr,76,0.1063,false
docker_test_4.yml,java_antlr,77,0.1371,false
docker_test_4.yml,java_antlr,78,0.1051,false
docker_test_4.yml,java_antlr,79,0.1039,false
docker_test_4.yml,java_antlr,80,0.1027,false
docker_test_4.yml,java_antlr,81,0.1028,false
docker_test_4.yml,java_antlr,82,0.1395,false
docker_test_4.yml,java_antlr,83,0.1077,false
docker_test_4.yml,java_antlr,84,0.1033,false
docker_test_4.yml,java_antlr,85,0.1169,false
docker_test_4.yml,java_antlr,86,0.1151,false
docker_test_4.yml,java_antlr,87,1.1876,false
docker_test_4.yml,java_antlr,88,0.1631,false
docker_test_4.yml,java_antlr,89,0.1511,false
docker_test_4.yml,java_antlr,90,0.1943,false
docker_test_4.yml,java_antlr,91,0.1376,false
docker_test_4.yml,java_antlr,92,0.1321,false
docker_test_4.yml,java_antlr,93,0.2376,false
docker_test_4.yml,java_antlr,94,0.1632,false
docker_test_4.yml,java_antlr,95,0.2471,false
docker_test_4.yml,java_antlr,96,0.1718,false
docker_test_4.yml,java_antlr,97,0.1843,false
docker_test_4.yml,java_antlr,98,0.1776,false
docker_test_4.yml,java_antlr,99,0.2025,false
docker_test_4.yml,java_antlr,100,0.1906,false
docker_test_4.yml,java_antlr,101,0.1665,false
docker_test_4.yml,java_antlr,102,0.2084,false
docker_test_4.yml,java_antlr,103,0.1494,false
docker_test_4.yml,java_antlr,104,0.1514,false
docker_test_4.yml,java_antlr,105,0.1495,false
docker_test_4.yml,java_antlr,106,0.1498,false
docker_test_4.yml,java_antlr,107,0.1515,false
docker_test_4.yml,java_antlr,108,0.1848,false
docker_test_4.yml,java_antlr,109,0.1513,false
docker_test_4.yml,java_antlr,110,2.0059,false
docker_test_4.yml,java_antlr,111,0.5561,false
docker_test_4.yml,java_antlr,112,0.1635,false
docker_test_4.yml,java_antlr,113,0.1445,false
docker_test_4.yml,java_antlr,114,0.1429,false
docker_test_4.yml,java_antlr,115,0.1433,false
docker_test_4.yml,java_antlr,116,0.1285,false
docker_test_4.yml,java_antlr,117,0.1736,false
docker_test_4.yml,java_antlr,118,0.129,false
docker_test_4.yml,java_antlr,119,0.1426,false
docker_test_4.yml,java_antlr,120,0.2309,false
docker_test_4.yml,java_antlr,121,0.1813,false
docker_test_4.yml,java_antlr,122,0.184,false
docker_test_4.yml,java_antlr,123,0.1849,false
docker_test_4.yml,java_antlr,124,0.1843,false
docker_test_4.yml,java_antlr,125,0.1653,false
docker_test_4.yml,java_antlr,126,0.1322,false
docker_test_4.yml,java_antlr,127,0.1766,false
docker_test_4.yml,java_antlr,128,0.1448,false
docker_test_4.yml,java_antlr,129,0.1799,false
docker_test_4.yml,java_antlr,130,0.1473,false
docker_test_4.yml,java_antlr,131,0.1449,false
docker_test_4.yml,java_antlr,132,0.1443,false
docker_test_4.yml,java_antlr,133,0.141,false
docker_test_4.yml,java_antlr,134,0.1363,false
docker_test_4.yml,java_antlr,135,2.184399,false
docker_test_4.yml,java_antlr,136,0.3325,false
docker_test_4.yml,java_antlr,137,0.1561,false
docker_test_4.yml,java_antlr,138,0.1419,false
docker_test_4.yml,java_antlr,139,0.1391,false
docker_test_4.yml,java_antlr,140,0.1348,false
docker_test_4.yml,java_antlr,141,0.1381,false
docker_test_4.yml,java_antlr,142,0.1329,false
docker_test_4.yml,java_antlr,143,0.126,false
docker_test_4.yml,java_antlr,144,0.1189,false
docker_test_4.yml,java_antlr,145,0.1297,false
docker_test_4.yml,java_antlr,146,0.1213,false
docker_test_4.yml,java_antlr,147,0.16,false
docker_test_4.yml,java_antlr,148,0.109,false
docker_test_4.yml,java_antlr,149,0.118,false
docker_test_4.yml,java_antlr,150,0.127,false
docker_test_4.yml,java_antlr,151,0.125,false
docker_test_4.yml,java_antlr,152,0.1381,false
docker_test_4.yml,java_antlr,153,0.1339,false
docker_test_4.yml,java_antlr,154,0.1297,false
docker_test_4.yml,java_antlr,155,0.1731,false
docker_test_4.yml,java_antlr,156,0.1382,false
docker_test_4.yml,java_antlr,157,0.1579,false
docker_test_4.yml,java_antlr,158,0.1561,false
docker_test_4.yml,java_antlr,159,0.1383,false
docker_test_4.yml,java_antlr,160,0.1467,false
docker_test_4.yml,java_antlr,161,0.1346,false
docker_test_4.yml,java_antlr,162,0.183,false
docker_test_4.yml,java_antlr,163,0.1511,false
docker_test_4.yml,java_antlr,164,0.1455,false
docker_test_4.yml,java_antlr,165,0.132,false
docker_test_4.yml,java_antlr,166,0.1299,false
docker_test_4.yml,java_antlr,167,0.2181,false
docker_test_4.yml,java_antlr,168,0.1307,false
docker_test_4.yml,java_antlr,169,0.1314,false
docker_test_4.yml,java_antlr,170,0.1289,false
docker_test_4.yml,java_antlr,171,0.1397,false
docker_test_4.yml,java_antlr,172,0.1566,false
docker_test_4.yml,java_antlr,173,0.1157,false
docker_test_4.yml,java_antlr,174,0.146,false
docker_test_4.yml,java_antlr,175,0.1115,false
docker_test_4.yml,java_antlr,176,0.1133,false
docker_test_4.yml,java_antlr,177,0.1176,false
docker_test_4.yml,java_antlr,178,0.1247,false
docker_test_4.yml,java_antlr,179,0.1298,false
docker_test_4.yml,java_antlr,180,0.099,false
docker_test_4.yml,java_antlr,181,0.1002,false
docker_test_4.yml,java_antlr,182,0.0967,false
docker_test_4.yml,java_antlr,183,0.09,false
docker_test_4.yml,java_antlr,184,0.0917,false
docker_test_4.yml,java_antlr,185,0.0918,false
docker_test_4.yml,java_antlr,186,0.103,false
docker_test_4.yml,java_antlr,187,0.1146,false
docker_test_4.yml,java_antlr,188,0.1977,false
docker_test_4.yml,java_antlr,189,0.1844,false
docker_test_4.yml,java_antlr,190,0.1195,false
docker_test_4.yml,java_antlr,191,0.1058,false
docker_test_4.yml,java_antlr,192,0.0979,false
docker_test_4.yml,java_antlr,193,0.1725,false
docker_test_4.yml,java_antlr,194,0.1046,false
docker_test_4.yml,java_antlr,195,0.0954,false
docker_test_4.yml,java_antlr,196,0.0934,false
docker_test_4.yml,java_antlr,197,0.0937,false
docker_test_4.yml,java_antlr,198,0.0947,false
docker_test_4.yml,java_antlr,199,0.1236,false
docker_test_5.yml,java_antlr,0,0.2252,false
docker_test_5.yml,java_antlr,1,0.1377,false
docker_test_5.yml,java_antlr,2,0.1139,false
docker_test_5.yml,java_antlr,3,0.1036,false
docker_test_5.yml,java_antlr,4,0.0973,false
docker_test_5.yml,java_antlr,5,0.0921,false
docker_test_5.yml,java_antlr,6,0.0938,false
docker_test_5.yml,java_antlr,7,0.0947,false
docker_test_5.yml,java_antlr,8,0.0915,false
docker_test_5.yml,java_antlr,9,0.1334,false
docker_test_5.yml,java_antlr,10,0.0936,false
docker_test_5.yml,java_antlr,11,0.0929,false
docker_test_5.yml,java_antlr,12,0.1159,false
docker_test_5.yml,java_antlr,13,0.2102,false
docker_test_5.yml,java_antlr,14,0.4028,false
docker_test_5.yml,java_antlr,15,0.2149,false
docker_test_5.yml,java_antlr,16,0.1278,false
docker_test_5.yml,java_antlr,17,0.1655,false
docker_test_5.yml,java_antlr,18,0.1145,false
docker_test_5.yml,java_antlr,19,0.1111,false
docker_test_5.yml,java_antlr,20,0.1189,false
docker_test_5.yml,java_antlr,21,0.1081,false
docker_test_5.yml,java_antlr,22,0.1105,false
docker_test_5.yml,java_antlr,23,0.3519,false
docker_test_5.yml,java_antlr,24,0.3289,false
docker_test_5.yml,java_antlr,25,0.1464,false
docker_test_5.yml,java_antlr,26,0.1325,false
docker_test_5.yml,java_antlr,27,0.1916,false
docker_test_5.yml,java_antlr,28,0.7232,false
docker_test_5.yml,java_antlr,29,0.2508,false
docker_test_5.yml,java_antlr,30,0.18,false
docker_test_5.yml,java_antlr,31,0.2973,false
docker_test_5.yml,java_antlr,32,0.2067,false
docker_test_5.yml,java_antlr,33,0.215,false
docker_test_5.yml,java_antlr,34,0.3042,false
docker_test_5.yml,java_antlr,35,0.1394,false
docker_test_5.yml,java_antlr,36,0.1674,false
docker_test_5.yml,java_antlr,37,0.1535,false
docker_test_5.yml,java_antlr,38,0.2424,false
docker_test_5.yml,java_antlr,39,0.145,false
docker_test_5.yml,java_antlr,40,0.2058,false
docker_test_5.yml,java_antlr,41,0.2224,false
docker_test_5.yml,java_antlr,42,0.124,false
docker_test_5.yml,java_antlr,43,0.1992,false
docker_test_5.yml,java_antlr,44,0.1525,false
docker_test_5.yml,java_antlr,45,0.1519,false
docker_test_5.yml,java_antlr,46,0.2137,false
docker_test_5.yml,java_antlr,47,0.1909,false
docker_test_5.yml,java_antlr,48,0.1374,false
docker_test_5.yml,java_antlr,49,0.1397,false
docker_test_5.yml,java_antlr,50,0.1644,false
docker_test_5.yml,java_antlr,51,0.1499,false
docker_test_5.yml,java_antlr,52,0.0861,false
docker_test_5.yml,java_antlr,53,0.1069,false
docker_test_5.yml,java_antlr,54,0.088,false
docker_test_5.yml,java_antlr,55,0.0793,false
docker_test_5.yml,java_antlr,56,0.085,false
docker_test_5.yml,java_antlr,57,0.0871,false
docker_test_5.yml,java_antlr,58,0.117,false
docker_test_5.yml,java_antlr,59,0.107,false
docker_test_5.yml,java_antlr,60,0.2196,false
docker_test_5.yml,java_antlr,61,0.1125,false
docker_test_5.yml,java_antlr,62,0.1016,false
docker_test_5.yml,java_antlr,63,0.1198,false
docker_test_5.yml,java_antlr,64,0.0952,false
docker_test_5.yml,java_antlr,65,0.1018,false
docker_test_5.yml,java_antlr,66,0.0955,false
docker_test_5.yml,java_antlr,67,0.102,false
docker_test_5.yml,java_antlr,68,0.0971,false
docker_test_5.yml,java_antlr,69,0.0945,false
docker_test_5.yml,java_antlr,70,0.0942,false
docker_test_5.yml,java_antlr,71,1.4366,false
docker_test_5.yml,java_antlr,72,0.1447,false
docker_test_5.yml,java_antlr,73,0.1951,false
docker_test_5.yml,java_antlr,74,0.1203,false
docker_test_5.yml,java_antlr,75,0.1769,false
docker_test_5.yml,java_antlr,76,0.1063,false
docker_test_5.yml,java_antlr,77,0.1082,false
docker_test_5.yml,java_antlr,78,0.1137,false
docker_test_5.yml,java_antlr,79,0.1094,false
docker_test_5.yml,java_antlr,80,0.116,false
docker_test_5.yml,java_antlr,81,0.1126,false
docker_test_5.yml,java_antlr,82,0.1407,false
docker_test_5.yml,java_antlr,83,0.1383,false
docker_test_5.yml,java_antlr,84,0.1047,false
docker_test_5.yml,java_antlr,85,0.0957,false
docker_test_5.yml,java_antlr,86,0.0917,false
docker_test_5.yml,java_antlr,87,0.2164,false
docker_test_5.yml,java_antlr,88,0.1368,false
docker_test_5.yml,java_antlr,89,0.124499,false
docker_test_5.yml,java_antlr,90,0.1204,false
docker_test_5.yml,java_antlr,91,0.1291,false
docker_test_5.yml,java_antlr,92,0.0974,false
docker_test_5.yml,java_antlr,93,0.1104,false
docker_test_5.yml,java_antlr,94,0.1102,false
docker_test_5.yml,java_antlr,95,0.1144,false
docker_test_5.yml,java_antlr,96,0.1534,false
docker_test_5.yml,java_antlr,97,0.1084,false
docker_test_5.yml,java_antlr,98,0.1213,false
docker_test_5.yml,java_antlr,99,0.1517,false
docker_test_5.yml,java_antlr,100,0.1087,false
docker_test_5.yml,java_antlr,101,0.1098,false
docker_test_5.yml,java_antlr,102,0.1031,false
docker_test_5.yml,java_antlr,103,0.1084,false
docker_test_5.yml,java_antlr,104,0.0979,false
docker_test_5.yml,java_antlr,105,0.1011,false
docker_test_5.yml,java_antlr,106,0.1055,false
docker_test_5.yml,java_antlr,107,0.1096,false
docker_test_5.yml,java_antlr,108,0.1118,false
docker_test_5.yml,java_antlr,109,0.1067,false
docker_test_5.yml,java_antlr,110,0.0972,false
docker_test_5.yml,java_antlr,111,0.3669,false
docker_test_5.yml,java_antlr,112,0.2106,false
docker_test_5.yml,java_antlr,113,0.1289,false
docker_test_5.yml,java_antlr,114,0.1169,false
docker_test_5.yml,java_antlr,115,0.1112,false
docker_test_5.yml,java_antlr,116,0.0826,false
docker_test_5.yml,java_antlr,117,0.0745,false
docker_test_5.yml,java_antlr,118,0.0706,false
docker_test_5.yml,java_antlr,119,0.0705,false
docker_test_5.yml,java_antlr,120,0.069,false
docker_test_5.yml,java_antlr,121,0.0699,false
docker_test_5.yml,java_antlr,122,0.0709,false
docker_test_5.yml,java_antlr,123,0.1748,false
docker_test_5.yml,java_antlr,124,0.1172,false
docker_test_5.yml,java_antlr,125,0.1101,false
docker_test_5.yml,java_antlr,126,0.0728,false
docker_test_5.yml,java_antlr,127,0.0821,false
docker_test_5.yml,java_antlr,128,0.0945,false
docker_test_5.yml,java_antlr,129,0.0778,false
docker_test_5.yml,java_antlr,130,0.0733,false
docker_test_5.yml,java_antlr,131,0.0714,false
docker_test_5.yml,java_antlr,132,0.0703,false
docker_test_5.yml,java_antlr,133,0.0704,false
docker_test_5.yml,java_antlr,134,0.1056,false
docker_test_5.yml,java_antlr,135,0.0858,false
docker_test_5.yml,java_antlr,136,0.1324,false
docker_test_5.yml,java_antlr,137,0.0898,false
docker_test_5.yml,java_antlr,138,0.0747,false
docker_test_5.yml,java_antlr,139,0.0862,false
docker_test_5.yml,java_antlr,140,0.0847,false
docker_test_5.yml,java_antlr,141,0.0731,false
docker_test_5.yml,java_antlr,142,0.0698,false
docker_test_5.yml,java_antlr,143,0.074,false
docker_test_5.yml,java_antlr,144,0.1309,false
docker_test_5.yml,java_antlr,145,0.1778,false
docker_test_5.yml,java_antlr,146,0.1173,false
docker_test_5.yml,java_antlr,147,0.0817,false
docker_test_5.yml,java_antlr,148,0.078,false
docker_test_5.yml,java_antlr,149,0.1103,false
docker_test_5.yml,java_antlr,150,0.1051,false
docker_test_5.yml,java_antlr,151,0.1653,false
docker_test_5.yml,java_antlr,152,0.1421,false
docker_test_5.yml,java_antlr,153,0.0928,false
docker_test_5.yml,java_antlr,154,0.0986,false
docker_test_5.yml,java_antlr,155,0.0942,false
docker_test_5.yml,java_antlr,156,0.0956,false
docker_test_5.yml,java_antlr,157,0.1736,false
docker_test_5.yml,java_antlr,158,0.0975,false
docker_test_5.yml,java_antlr,159,0.1223,false
docker_test_5.yml,java_antlr,160,0.0812,false
docker_test_5.yml,java_antlr,161,0.0907,false
docker_test_5.yml,java_antlr,162,0.091,false
docker_test_5.yml,java_antlr,163,0.0897,false
docker_test_5.yml,java_antlr,164,0.1111,false
docker_test_5.yml,java_antlr,165,0.1083,false
docker_test_5.yml,java_antlr,166,0.1201,false
docker_test_5.yml,java_antlr,167,0.1409,false
docker_test_5.yml,java_antlr,168,0.108,false
docker_test_5.yml,java_antlr,169,0.1021,false
docker_test_5.yml,java_antlr,170,0.1108,false
docker_test_5.yml,java_antlr,171,0.1071,false
docker_test_5.yml,java_antlr,172,0.099499,false
docker_test_5.yml,java_antlr,173,0.2156,false
docker_test_5.yml,java_antlr,174,0.1335,false
docker_test_5.yml,java_antlr,175,0.1237,false
docker_test_5.yml,java_antlr,176,0.1061,false
docker_test_5.yml,java_antlr,177,0.131,false
docker_test_5.yml,java_antlr,178,0.1381,false
docker_test_5.yml,java_antlr,179,0.0745,false
docker_test_5.yml,java_antlr,180,0.1033,false
docker_test_5.yml,java_antlr,181,0.065,false
docker_test_5.yml,java_antlr,182,0.0615,false
docker_test_5.yml,java_antlr,183,0.0601,false
docker_test_5.yml,java_antlr,184,0.0614,false
docker_test_5.yml,java_antlr,185,0.0595,false
docker_test_5.yml,java_antlr,186,0.0587,false
docker_test_5.yml,java_antlr,187,0.059,false
docker_test_5.yml,java_antlr,188,0.1431,false
docker_test_5.yml,java_antlr,189,0.0622,false
docker_test_5.yml,java_antlr,190,0.0595,false
docker_test_5.yml,java_antlr,191,0.0587,false
docker_test_5.yml,java_antlr,192,0.2123,false
docker_test_5.yml,java_antlr,193,0.0792,false
docker_test_5.yml,java_antlr,194,0.1476,false
docker_test_5.yml,java_antlr,195,0.1189,false
docker_test_5.yml,java_antlr,196,0.1103,false
docker_test_5.yml,java_antlr,197,0.1327,false
docker_test_5.yml,java_antlr,198,0.1082,false
docker_test_5.yml,java_antlr,199,0.0833,false
docker_test_6.yml,java_antlr,0,0.2849,false
docker_test_6.yml,java_antlr,1,0.1122,false
docker_test_6.yml,java_antlr,2,0.1035,false
docker_test_6.yml,java_antlr,3,0.0657,false
docker_test_6.yml,java_antlr,4,0.0615,false
docker_test_6.yml,java_antlr,5,0.0606,false
docker_test_6.yml,java_antlr,6,0.0609,false
docker_test_6.yml,java_antlr,7,0.0584,false
docker_test_6.yml,java_antlr,8,0.1249,false
docker_test_6.yml,java_antlr,9,0.0628,false
docker_test_6.yml,java_antlr,10,0.0591,false
docker_test_6.yml,java_antlr,11,0.0586,false
docker_test_6.yml,java_antlr,12,0.0587,false
docker_test_6.yml,java_antlr,13,0.0579,false
docker_test_6.yml,java_antlr,14,0.1167,false
docker_test_6.yml,java_antlr,15,0.1528,false
docker_test_6.yml,java_antlr,16,0.0811,false
docker_test_6.yml,java_antlr,17,0.1022,false
docker_test_6.yml,java_antlr,18,0.0643,false
docker_test_6.yml,java_antlr,19,0.0673,false
docker_test_6.yml,java_antlr,20,0.0923,false
docker_test_6.yml,java_antlr,21,0.0811,false
docker_test_6.yml,java_antlr,22,0.0658,false
docker_test_6.yml,java_antlr,23,0.0643,false
docker_test_6.yml,java_antlr,24,0.1179,false
docker_test_6.yml,java_antlr,25,0.0621,false
docker_test_6.yml,java_antlr,26,0.0607,false
docker_test_6.yml,java_antlr,27,0.0595,false
docker_test_6.yml,java_antlr,28,0.0642,false
docker_test_6.yml,java_antlr,29,0.0606,false
docker_test_6.yml,java_antlr,30,0.0611,false
docker_test_6.yml,java_antlr,31,0.0614,false
docker_test_6.yml,java_antlr,32,0.0605,false
docker_test_6.yml,java_antlr,33,0.0679,false
docker_test_6.yml,java_antlr,34,0.0721,false
docker_test_6.yml,java_antlr,35,0.0613,false
docker_test_6.yml,java_antlr,36,0.1178,false
docker_test_6.yml,java_antlr,37,0.0669,false
docker_test_6.yml,java_antlr,38,0.0612,false
docker_test_6.yml,java_antlr,39,0.0658,false
docker_test_6.yml,java_antlr,40,0.06,false
docker_test_6.yml,java_antlr,41,0.0591,false
docker_test_6.yml,java_antlr,42,0.0587,false
docker_test_6.yml,java_antlr,43,0.0591,false
docker_test_6.yml,java_antlr,44,0.0593,false
docker_test_6.yml,java_antlr,45,0.0707,false
docker_test_6.yml,java_antlr,46,0.0587,false
docker_test_6.yml,java_antlr,47,0.1003,false
docker_test_6.yml,java_antlr,48,0.0589,false
docker_test_6.yml,java_antlr,49,0.0628,false
docker_test_6.yml,java_antlr,50,0.0595,false
docker_test_6.yml,java_antlr,51,0.0591,false
docker_test_6.yml,java_antlr,52,0.0581,false
docker_test_6.yml,java_antlr,53,0.0582,false
docker_test_6.yml,java_antlr,54,0.0622,false
docker_test_6.yml,java_antlr,55,0.0592,false
docker_test_6.yml,java_antlr,56,0.0614,false
docker_test_6.yml,java_antlr,57,0.1253,false
docker_test_6.yml,java_antlr,58,0.1557,false
docker_test_6.yml,java_antlr,59,0.078,false
docker_test_6.yml,java_antlr,60,0.0992,false
docker_test_6.yml,java_antlr,61,0.0916,false
docker_test_6.yml,java_antlr,62,0.0737,false
docker_test_6.yml,java_antlr,63,0.0682,false
docker_test_6.yml,java_antlr,64,0.0619,false
docker_test_6.yml,java_antlr,65,0.1004,false
docker_test_6.yml,java_antlr,66,0.0642,false
docker_test_6.yml,java_antlr,67,0.089,false
docker_test_6.yml,java_antlr,68,0.0698,false
docker_test_6.yml,java_antlr,69,0.0602,false
docker_test_6.yml,java_antlr,70,0.0589,false
docker_test_6.yml,java_antlr,71,0.0593,false
docker_test_6.yml,java_antlr,72,0.0582,false
docker_test_6.yml,java_antlr,73,0.0611,false
docker_test_6.yml,java_antlr,74,0.0595,false
docker_test_6.yml,java_antlr,75,0.0895,false
docker_test_6.yml,java_antlr,76,0.0582,false
docker_test_6.yml,java_antlr,77,0.0584,false
docker_test_6.yml,java_antlr,78,0.0831,false
docker_test_6.yml,java_antlr,79,0.073,false
docker_test_6.yml,java_antlr,80,0.1299,false
docker_test_6.yml,java_antlr,81,0.093,false
docker_test_6.yml,java_antlr,82,0.0704,false
docker_test_6.yml,java_antlr,83,0.0938,false
docker_test_6.yml,java_antlr,84,0.0696,false
docker_test_6.yml,java_antlr,85,0.1518,false
docker_test_6.yml,java_antlr,86,0.1405,false
docker_test_6.yml,java_antlr,87,0.1082,false
docker_test_6.yml,java_antlr,88,0.0693,false
docker_test_6.yml,java_antlr,89,0.0846,false
docker_test_6.yml,java_antlr,90,0.0686,false
docker_test_6.yml,java_antlr,91,0.0634,false
docker_test_6.yml,java_antlr,92,0.1388,false
docker_test_6.yml,java_antlr,93,0.0884,false
docker_test_6.yml,java_antlr,94,0.0923,false
docker_test_6.yml,java_antlr,95,0.1727,false
docker_test_6.yml,java_antlr,96,0.1241,false
docker_test_6.yml,java_antlr,97,0.0809,false
docker_test_6.yml,java_antlr,98,0.0949,false
docker_test_6.yml,java_antlr,99,0.0725,false
docker_test_6.yml,java_antlr,100,0.0646,false
docker_test_6.yml,java_antlr,101,0.0933,false
docker_test_6.yml,java_antlr,102,0.0602,false
docker_test_6.yml,java_antlr,103,0.0599,false
docker_test_6.yml,java_antlr,104,0.0569,false
docker_test_6.yml,java_antlr,105,0.0683,false
docker_test_6.yml,java_antlr,106,0.0597,false
docker_test_6.yml,java_antlr,107,0.0597,false
docker_test_6.yml,java_antlr,108,0.0635,false
docker_test_6.yml,java_antlr,109,0.0611,false
docker_test_6.yml,java_antlr,110,0.0572,false
docker_test_6.yml,java_antlr,111,0.059,false
docker_test_6.yml,java_antlr,112,0.0588,false
docker_test_6.yml,java_antlr,113,0.0568,false
docker_test_6.yml,java_antlr,114,0.2714,false
docker_test_6.yml,java_antlr,115,0.1256,false
docker_test_6.yml,java_antlr,116,0.075,false
docker_test_6.yml,java_antlr,117,0.0882,false
docker_test_6.yml,java_antlr,118,0.0662,false
docker_test_6.yml,java_antlr,119,0.0807,false
docker_test_6.yml,java_antlr,120,0.0601,false
docker_test_6.yml,java_antlr,121,0.0591,false
docker_test_6.yml,java_antlr,122,0.1435,false
docker_test_6.yml,java_antlr,123,0.0861,false
docker_test_6.yml,java_antlr,124,0.086,false
docker_test_6.yml,java_antlr,125,0.1279,false
docker_test_6.yml,java_antlr,126,0.1648,false
docker_test_6.yml,java_antlr,127,0.1095,false
docker_test_6.yml,java_antlr,128,0.1,false
docker_test_6.yml,java_antlr,129,0.0959,false
docker_test_6.yml,java_antlr,130,0.0859,false
docker_test_6.yml,java_antlr,131,0.0907,false
docker_test_6.yml,java_antlr,132,0.0941,false
docker_test_6.yml,java_antlr,133,0.221,false
docker_test_6.yml,java_antlr,134,0.1491,false
docker_test_6.yml,java_antlr,135,0.0926,false
docker_test_6.yml,java_antlr,136,0.0657,false
docker_test_6.yml,java_antlr,137,0.0961,false
docker_test_6.yml,java_antlr,138,0.0701,false
docker_test_6.yml,java_antlr,139,0.0742,false
docker_test_6.yml,java_antlr,140,0.0614,false
docker_test_6.yml,java_antlr,141,0.0638,false
docker_test_6.yml,java_antlr,142,0.0617,false
docker_test_6.yml,java_antlr,143,0.0904,false
docker_test_6.yml,java_antlr,144,0.0584,false
docker_test_6.yml,java_antlr,145,0.059,false
docker_test_6.yml,java_antlr,146,0.0783,false
docker_test_6.yml,java_antlr,147,0.1248,false
docker_test_6.yml,java_antlr,148,0.1205,false
docker_test_6.yml,java_antlr,149,0.1256,false
docker_test_6.yml,java_antlr,150,0.1306,false
docker_test_6.yml,java_antlr,151,0.1177,false
docker_test_6.yml,java_antlr,152,0.1377,false
docker_test_6.yml,java_antlr,153,0.0927,false
docker_test_6.yml,java_antlr,154,0.104,false
docker_test_6.yml,java_antlr,155,0.1052,false
docker_test_6.yml,java_antlr,156,0.1,false
docker_test_6.yml,java_antlr,157,0.1138,false
docker_test_6.yml,java_antlr,158,0.0819,false
docker_test_6.yml,java_antlr,159,0.1097,false
docker_test_6.yml,java_antlr,160,0.1135,false
docker_test_6.yml,java_antlr,161,0.1113,false
docker_test_6.yml,java_antlr,162,0.1004,false
docker_test_6.yml,java_antlr,163,0.093,false
docker_test_6.yml,java_antlr,164,0.0816,false
docker_test_6.yml,java_antlr,165,0.0785,false
docker_test_6.yml,java_antlr,166,0.0761,false
docker_test_6.yml,java_antlr,167,0.077,false
docker_test_6.yml,java_antlr,168,0.0764,false
docker_test_6.yml,java_antlr,169,0.0762,false
docker_test_6.yml,java_antlr,170,0.0652,false
docker_test_6.yml,java_antlr,171,0.0792,false
docker_test_6.yml,java_antlr,172,0.0773,false
docker_test_6.yml,java_antlr,173,0.1239,false
docker_test_6.yml,java_antlr,174,0.1652,false
docker_test_6.yml,java_antlr,175,0.1207,false
docker_test_6.yml,java_antlr,176,0.1477,false
docker_test_6.yml,java_antlr,177,0.0987,false
docker_test_6.yml,java_antlr,178,0.086,false
docker_test_6.yml,java_antlr,179,0.0932,false
docker_test_6.yml,java_antlr,180,0.0841,false
docker_test_6.yml,java_antlr,181,0.1489,false
docker_test_6.yml,java_antlr,182,0.1519,false
docker_test_6.yml,java_antlr,183,0.1279,false
docker_test_6.yml,java_antlr,184,0.0924,false
docker_test_6.yml,java_antlr,185,0.1129,false
docker_test_6.yml,java_antlr,186,0.1232,false
docker_test_6.yml,java_antlr,187,0.0897,false
docker_test_6.yml,java_antlr,188,0.1154,false
docker_test_6.yml,java_antlr,189,0.0858,false
docker_test_6.yml,java_antlr,190,0.0822,false
docker_test_6.yml,java_antlr,191,0.08,false
docker_test_6.yml,java_antlr,192,0.078,false
docker_test_6.yml,java_antlr,193,0.1076,false
docker_test_6.yml,java_antlr,194,0.1268,false
docker_test_6.yml,java_antlr,195,0.1224,false
docker_test_6.yml,java_antlr,196,0.1266,false
docker_test_6.yml,java_antlr,197,0.1029,false
docker_test_6.yml,java_antlr,198,0.1165,false
docker_test_6.yml,java_antlr,199,0.1263,false
docker_test_7.yml,java_antlr,0,0.1911,false
docker_test_7.yml,java_antlr,1,0.0971,false
docker_test_7.yml,java_antlr,2,0.1041,false
docker_test_7.yml,java_antlr,3,0.0869,false
docker_test_7.yml,java_antlr,4,0.0831,false
docker_test_7.yml,java_antlr,5,0.1191,false
docker_test_7.yml,java_antlr,6,0.0828,false
docker_test_7.yml,java_antlr,7,0.1132,false
docker_test_7.yml,java_antlr,8,0.0767,false
docker_test_7.yml,java_antlr,9,0.0854,false
docker_test_7.yml,java_antlr,10,0.1067,false
docker_test_7.yml,java_antlr,11,0.1169,false
docker_test_7.yml,java_antlr,12,0.1087,false
docker_test_7.yml,java_antlr,13,0.1447,false
docker_test_7.yml,java_antlr,14,0.1744,false
docker_test_7.yml,java_antlr,15,0.1565,false
docker_test_7.yml,java_antlr,16,0.0885,false
docker_test_7.yml,java_antlr,17,0.1003,false
docker_test_7.yml,java_antlr,18,0.0864,false
docker_test_7.yml,java_antlr,19,0.0835,false
docker_test_7.yml,java_antlr,20,0.079,false
docker_test_7.yml,java_antlr,21,0.0687,false
docker_test_7.yml,java_antlr,22,0.0818,false
docker_test_7.yml,java_antlr,23,0.0777,false
docker_test_7.yml,java_antlr,24,0.0967,false
docker_test_7.yml,java_antlr,25,0.0755,false
docker_test_7.yml,java_antlr,26,0.076,false
docker_test_7.yml,java_antlr,27,0.13,false
docker_test_7.yml,java_antlr,28,0.1455,false
docker_test_7.yml,java_antlr,29,0.1105,false
docker_test_7.yml,java_antlr,30,0.1433,false
docker_test_7.yml,java_antlr,31,0.1016,false
docker_test_7.yml,java_antlr,32,0.1094,false
docker_test_7.yml,java_antlr,33,0.1437,false
docker_test_7.yml,java_antlr,34,0.1265,false
docker_test_7.yml,java_antlr,35,0.1321,false
docker_test_7.yml,java_antlr,36,0.1282,false
docker_test_7.yml,java_antlr,37,0.1208,false
docker_test_7.yml,java_antlr,38,0.1373,false
docker_test_7.yml,java_antlr,39,0.0895,false
docker_test_7.yml,java_antlr,40,0.0847,false
docker_test_7.yml,java_antlr,41,0.0822,false
docker_test_7.yml,java_antlr,42,0.0799,false
docker_test_7.yml,java_antlr,43,0.0782,false
docker_test_7.yml,java_antlr,44,0.0825,false
docker_test_7.yml,java_antlr,45,0.0812,false
docker_test_7.yml,java_antlr,46,0.0686,false
docker_test_7.yml,java_antlr,47,0.084,false
docker_test_7.yml,java_antlr,48,0.0778,false
docker_test_7.yml,java_antlr,49,0.0788,false
docker_test_7.yml,java_antlr,50,0.0839,false
docker_test_7.yml,java_antlr,51,0.0775,false
docker_test_7.yml,java_antlr,52,0.0754,false
docker_test_7.yml,java_antlr,53,0.1445,false
docker_test_7.yml,java_antlr,54,0.1476,false
docker_test_7.yml,java_antlr,55,0.1548,false
docker_test_7.yml,java_antlr,56,0.1231,false
docker_test_7.yml,java_antlr,57,0.1261,false
docker_test_7.yml,java_antlr,58,0.1258,false
docker_test_7.yml,java_antlr,59,0.0971,false
docker_test_7.yml,java_antlr,60,0.0938,false
docker_test_7.yml,java_antlr,61,0.0871,false
docker_test_7.yml,java_antlr,62,0.1464,false
docker_test_7.yml,java_antlr,63,0.106,false
docker_test_7.yml,java_antlr,64,0.0919,false
docker_test_7.yml,java_antlr,65,0.1136,false
docker_test_7.yml,java_antlr,66,0.0804,false
docker_test_7.yml,java_antlr,67,0.1121,false
docker_test_7.yml,java_antlr,68,0.075599,false
docker_test_7.yml,java_antlr,69,0.1078,false
docker_test_7.yml,java_antlr,70,0.0678,false
docker_test_7.yml,java_antlr,71,0.1086,false
docker_test_7.yml,java_antlr,72,0.0809,false
docker_test_7.yml,java_antlr,73,0.0803,false
docker_test_7.yml,java_antlr,74,0.0759,false
docker_test_7.yml,java_antlr,75,0.076,false
docker_test_7.yml,java_antlr,76,0.0764,false
docker_test_7.yml,java_antlr,77,0.0756,false
docker_test_7.yml,java_antlr,78,0.0744,false
docker_test_7.yml,java_antlr,79,0.1456,false
docker_test_7.yml,java_antlr,80,0.1149,false
docker_test_7.yml,java_antlr,81,0.1513,false
docker_test_7.yml,java_antlr,82,0.1918,false
docker_test_7.yml,java_antlr,83,0.22,false
docker_test_7.yml,java_antlr,84,0.1588,false
docker_test_7.yml,java_antlr,85,0.1561,false
docker_test_7.yml,java_antlr,86,0.0967,false
docker_test_7.yml,java_antlr,87,0.0913,false
docker_test_7.yml,java_antlr,88,0.133,false
docker_test_7.yml,java_antlr,89,0.1442,false
docker_test_7.yml,java_antlr,90,0.1045,false
docker_test_7.yml,java_antlr,91,0.0864,false
docker_test_7.yml,java_antlr,92,0.1703,false
docker_test_7.yml,java_antlr,93,0.0849,false
docker_test_7.yml,java_antlr,94,0.1169,false
docker_test_7.yml,java_antlr,95,0.0802,false
docker_test_7.yml,java_antlr,96,0.1509,false
docker_test_7.yml,java_antlr,97,0.1182,false
docker_test_7.yml,java_antlr,98,0.0982,false
docker_test_7.yml,java_antlr,99,0.171,false
docker_test_7.yml,java_antlr,100,0.1621,false
docker_test_7.yml,java_antlr,101,0.1177,false
docker_test_7.yml,java_antlr,102,0.1218,false
docker_test_7.yml,java_antlr,103,0.1152,false
docker_test_7.yml,java_antlr,104,0.4451,false
docker_test_7.yml,java_antlr,105,0.1194,false
docker_test_7.yml,java_antlr,106,0.1172,false
docker_test_7.yml,java_antlr,107,0.0918,false
docker_test_7.yml,java_antlr,108,0.1329,false
docker_test_7.yml,java_antlr,109,0.0929,false
docker_test_7.yml,java_antlr,110,0.1086,false
docker_test_7.yml,java_antlr,111,0.1142,false
docker_test_7.yml,java_antlr,112,0.112,false
docker_test_7.yml,java_antlr,113,0.1434,false
docker_test_7.yml,java_antlr,114,0.0841,false
docker_test_7.yml,java_antlr,115,0.0763,false
docker_test_7.yml,java_antlr,116,0.1145,false
docker_test_7.yml,java_antlr,117,0.1092,false
docker_test_7.yml,java_antlr,118,0.1067,false
docker_test_7.yml,java_antlr,119,0.1244,false
docker_test_7.yml,java_antlr,120,0.2974,false
docker_test_7.yml,java_antlr,121,0.1257,false
docker_test_7.yml,java_antlr,122,0.0908,false
docker_test_7.yml,java_antlr,123,0.0727,false
docker_test_7.yml,java_antlr,124,0.0914,false
docker_test_7.yml,java_antlr,125,0.0699,false
docker_test_7.yml,java_antlr,126,0.0622,false
docker_test_7.yml,java_antlr,127,0.1577,false
docker_test_7.yml,java_antlr,128,0.0895,false
docker_test_7.yml,java_antlr,129,0.0838,false
docker_test_7.yml,java_antlr,130,0.0833,false
docker_test_7.yml,java_antlr,131,0.0844,false
docker_test_7.yml,java_antlr,132,0.074,false
docker_test_7.yml,java_antlr,133,0.1232,false
docker_test_7.yml,java_antlr,134,0.089,false
docker_test_7.yml,java_antlr,135,0.0933,false
docker_test_7.yml,java_antlr,136,0.0912,false
docker_test_7.yml,java_antlr,137,0.0597,false
docker_test_7.yml,java_antlr,138,0.1402,false
docker_test_7.yml,java_antlr,139,0.1164,false
docker_test_7.yml,java_antlr,140,0.0942,false
docker_test_7.yml,java_antlr,141,0.0699,false
docker_test_7.yml,java_antlr,142,0.1568,false
docker_test_7.yml,java_antlr,143,0.0868,false
docker_test_7.yml,java_antlr,144,0.0843,false
docker_test_7.yml,java_antlr,145,0.2396,false
docker_test_7.yml,java_antlr,146,0.1157,false
docker_test_7.yml,java_antlr,147,0.1208,false
docker_test_7.yml,java_antlr,148,1.7764,false
docker_test_7.yml,java_antlr,149,0.1199,false
docker_test_7.yml,java_antlr,150,0.1062,false
docker_test_7.yml,java_antlr,151,0.1071,false
docker_test_7.yml,java_antlr,152,0.0915,false
docker_test_7.yml,java_antlr,153,0.0924,false
docker_test_7.yml,java_antlr,154,0.0883,false
docker_test_7.yml,java_antlr,155,0.0916,false
docker_test_7.yml,java_antlr,156,0.1252,false
docker_test_7.yml,java_antlr,157,0.0926,false
docker_test_7.yml,java_antlr,158,0.087,false
docker_test_7.yml,java_antlr,159,0.0822,false
docker_test_7.yml,java_antlr,160,0.086,false
docker_test_7.yml,java_antlr,161,0.098,false
docker_test_7.yml,java_antlr,162,0.2144,false
docker_test_7.yml,java_antlr,163,0.1043,false
docker_test_7.yml,java_antlr,164,0.0918,false
docker_test_7.yml,java_antlr,165,0.0722,false
docker_test_7.yml,java_antlr,166,0.0656,false
docker_test_7.yml,java_antlr,167,0.0626,false
docker_test_7.yml,java_antlr,168,0.0631,false
docker_test_7.yml,java_antlr,169,0.062,false
docker_test_7.yml,java_antlr,170,0.062,false
docker_test_7.yml,java_antlr,171,0.0637,false
docker_test_7.yml,java_antlr,172,0.0618,false
docker_test_7.yml,java_antlr,173,0.1447,false
docker_test_7.yml,java_antlr,174,0.1254,false
docker_test_7.yml,java_antlr,175,0.1396,false
docker_test_7.yml,java_antlr,176,0.1187,false
docker_test_7.yml,java_antlr,177,0.1198,false
docker_test_7.yml,java_antlr,178,0.1341,false
docker_test_7.yml,java_antlr,179,0.1281,false
docker_test_7.yml,java_antlr,180,0.129,false
docker_test_7.yml,java_antlr,181,0.24,false
docker_test_7.yml,java_antlr,182,0.1126,false
docker_test_7.yml,java_antlr,183,0.0898,false
docker_test_7.yml,java_antlr,184,0.0844,false
docker_test_7.yml,java_antlr,185,0.0794,false
docker_test_7.yml,java_antlr,186,0.0819,false
docker_test_7.yml,java_antlr,187,0.0896,false
docker_test_7.yml,java_antlr,188,0.0813,false
docker_test_7.yml,java_antlr,189,0.0768,false
docker_test_7.yml,java_antlr,190,0.1285,false
docker_test_7.yml,java_antlr,191,0.1219,false
docker_test_7.yml,java_antlr,192,0.0719,false
docker_test_7.yml,java_antlr,193,0.0662,false
docker_test_7.yml,java_antlr,194,0.0615,false
docker_test_7.yml,java_antlr,195,0.0977,false
docker_test_7.yml,java_antlr,196,0.1091,false
docker_test_7.yml,java_antlr,197,0.066,false
docker_test_7.yml,java_antlr,198,0.1401,false
docker_test_7.yml,java_antlr,199,0.0845,false
docker_test_8.yml,java_antlr,0,0.3121,false
docker_test_8.yml,java_antlr,1,0.105,false
docker_test_8.yml,java_antlr,2,0.1027,false
docker_test_8.yml,java_antlr,3,0.0695,false
docker_test_8.yml,java_antlr,4,0.063,false
docker_test_8.yml,java_antlr,5,0.06,false
docker_test_8.yml,java_antlr,6,0.0569,false
docker_test_8.yml,java_antlr,7,0.09,false
docker_test_8.yml,java_antlr,8,0.0579,false
docker_test_8.yml,java_antlr,9,0.0591,false
docker_test_8.yml,java_antlr,10,0.0576,false
docker_test_8.yml,java_antlr,11,0.0567,false
docker_test_8.yml,java_antlr,12,0.0592,false
docker_test_8.yml,java_antlr,13,0.0581,false
docker_test_8.yml,java_antlr,14,0.0562,false
docker_test_8.yml,java_antlr,15,0.0579,false
docker_test_8.yml,java_antlr,16,0.0566,false
docker_test_8.yml,java_antlr,17,0.056,false
docker_test_8.yml,java_antlr,18,0.0905,false
docker_test_8.yml,java_antlr,19,0.0563,false
docker_test_8.yml,java_antlr,20,0.0567,false
docker_test_8.yml,java_antlr,21,0.0704,false
docker_test_8.yml,java_antlr,22,0.0594,false
docker_test_8.yml,java_antlr,23,0.0558,false
docker_test_8.yml,java_antlr,24,0.0567,false
docker_test_8.yml,java_antlr,25,0.0652,false
docker_test_8.yml,java_antlr,26,0.0961,false
docker_test_8.yml,java_antlr,27,0.0597,false
docker_test_8.yml,java_antlr,28,0.0588,false
docker_test_8.yml,java_antlr,29,0.0574,false
docker_test_8.yml,java_antlr,30,0.0589,false
docker_test_8.yml,java_antlr,31,0.0571,false
docker_test_8.yml,java_antlr,32,0.0577,false
docker_test_8.yml,java_antlr,33,0.0565,false
docker_test_8.yml,java_antlr,34,0.0639,false
docker_test_8.yml,java_antlr,35,0.0603,false
docker_test_8.yml,java_antlr,36,0.0568,false
docker_test_8.yml,java_antlr,37,0.0594,false
docker_test_8.yml,java_antlr,38,0.1109,false
docker_test_8.yml,java_antlr,39,0.1303,false
docker_test_8.yml,java_antlr,40,0.1563,false
docker_test_8.yml,java_antlr,41,0.1092,false
docker_test_8.yml,java_antlr,42,0.073,false
docker_test_8.yml,java_antlr,43,0.0645,false
docker_test_8.yml,java_antlr,44,0.0596,false
docker_test_8.yml,java_antlr,45,0.0691,false
docker_test_8.yml,java_antlr,46,0.0594,false
docker_test_8.yml,java_antlr,47,0.0623,false
docker_test_8.yml,java_antlr,48,0.0607,false
docker_test_8.yml,java_antlr,49,0.0579,false
docker_test_8.yml,java_antlr,50,0.0582,false
docker_test_8.yml,java_antlr,51,0.0582,false
docker_test_8.yml,java_antlr,52,0.089,false
docker_test_8.yml,java_antlr,53,0.0579,false
docker_test_8.yml,java_antlr,54,0.0618,false
docker_test_8.yml,java_antlr,55,0.0578,false
docker_test_8.yml,java_antlr,56,0.0582,false
docker_test_8.yml,java_antlr,57,0.0593,false
docker_test_8.yml,java_antlr,58,0.0569,false
docker_test_8.yml,java_antlr,59,0.0563,false
docker_test_8.yml,java_antlr,60,0.1186,false
docker_test_8.yml,java_antlr,61,0.0931,false
docker_test_8.yml,java_antlr,62,0.067,false
docker_test_8.yml,java_antlr,63,0.0593,false
docker_test_8.yml,java_antlr,64,0.0558,false
docker_test_8.yml,java_antlr,65,0.087999,false
docker_test_8.yml,java_antlr,66,0.0567,false
docker_test_8.yml,java_antlr,67,0.0571,false
docker_test_8.yml,java_antlr,68,0.0591,false
docker_test_8.yml,java_antlr,69,0.0591,false
docker_test_8.yml,java_antlr,70,0.0586,false
docker_test_8.yml,java_antlr,71,0.0551,false
docker_test_8.yml,java_antlr,72,0.0598,false
docker_test_8.yml,java_antlr,73,0.0602,false
docker_test_8.yml,java_antlr,74,0.0589,false
docker_test_8.yml,java_antlr,75,0.125,false
docker_test_8.yml,java_antlr,76,0.1109,false
docker_test_8.yml,java_antlr,77,0.081,false
docker_test_8.yml,java_antlr,78,0.0682,false
docker_test_8.yml,java_antlr,79,0.0615,false
docker_test_8.yml,java_antlr,80,0.0593,false
docker_test_8.yml,java_antlr,81,0.0588,false
docker_test_8.yml,java_antlr,82,0.0582,false
docker_test_8.yml,java_antlr,83,0.0658,false
docker_test_8.yml,java_antlr,84,0.0563,false
docker_test_8.yml,java_antlr,85,0.0582,false
docker_test_8.yml,java_antlr,86,0.0571,false
docker_test_8.yml,java_antlr,87,0.0565,false
docker_test_8.yml,java_antlr,88,0.0579,false
docker_test_8.yml,java_antlr,89,0.0879,false
docker_test_8.yml,java_antlr,90,0.0594,false
docker_test_8.yml,java_antlr,91,0.0566,false
docker_test_8.yml,java_antlr,92,0.0666,false
docker_test_8.yml,java_antlr,93,0.0589,false
docker_test_8.yml,java_antlr,94,0.0614,false
docker_test_8.yml,java_antlr,95,0.0597,false
docker_test_8.yml,java_antlr,96,0.0578,false
docker_test_8.yml,java_antlr,97,0.0583,false
docker_test_8.yml,java_antlr,98,0.0567,false
docker_test_8.yml,java_antlr,99,0.1108,false
docker_test_8.yml,java_antlr,100,0.0766,false
docker_test_8.yml,java_antlr,101,0.0726,false
docker_test_8.yml,java_antlr,102,0.065,false
docker_test_8.yml,java_antlr,103,0.0818,false
docker_test_8.yml,java_antlr,104,0.063,false
docker_test_8.yml,java_antlr,105,0.0581,false
docker_test_8.yml,java_antlr,106,0.0606,false
docker_test_8.yml,java_antlr,107,0.0573,false
docker_test_8.yml,java_antlr,108,0.0571,false
docker_test_8.yml,java_antlr,109,0.0567,false
docker_test_8.yml,java_antlr,110,0.0575,false
docker_test_8.yml,java_antlr,111,0.0878,false
docker_test_8.yml,java_antlr,112,0.0608,false
docker_test_8.yml,java_antlr,113,0.0918,false
docker_test_8.yml,java_antlr,114,0.0608,false
docker_test_8.yml,java_antlr,115,0.1281,false
docker_test_8.yml,java_antlr,116,0.0961,false
docker_test_8.yml,java_antlr,117,0.0877,false
docker_test_8.yml,java_antlr,118,0.123,false
docker_test_8.yml,java_antlr,119,0.0923,false
docker_test_8.yml,java_antlr,120,0.0799,false
docker_test_8.yml,java_antlr,121,0.0779,false
docker_test_8.yml,java_antlr,122,0.0809,false
docker_test_8.yml,java_antlr,123,0.0747,false
docker_test_8.yml,java_antlr,124,0.0714,false
docker_test_8.yml,java_antlr,125,0.1303,false
docker_test_8.yml,java_antlr,126,0.0715,false
docker_test_8.yml,java_antlr,127,0.0608,false
docker_test_8.yml,java_antlr,128,0.1161,false
docker_test_8.yml,java_antlr,129,0.1233,false
docker_test_8.yml,java_antlr,130,0.137,false
docker_test_8.yml,java_antlr,131,0.0922,false
docker_test_8.yml,java_antlr,132,0.0862,false
docker_test_8.yml,java_antlr,133,0.0788,false
docker_test_8.yml,java_antlr,134,0.1018,false
docker_test_8.yml,java_antlr,135,0.0699,false
docker_test_8.yml,java_antlr,136,0.1021,false
docker_test_8.yml,java_antlr,137,0.0746,false
docker_test_8.yml,java_antlr,138,0.0635,false
docker_test_8.yml,java_antlr,139,0.0683,false
docker_test_8.yml,java_antlr,140,0.059,false
docker_test_8.yml,java_antlr,141,0.0577,false
docker_test_8.yml,java_antlr,142,0.1168,false
docker_test_8.yml,java_antlr,143,0.1159,false
docker_test_8.yml,java_antlr,144,0.111,false
docker_test_8.yml,java_antlr,145,0.1248,false
docker_test_8.yml,java_antlr,146,0.2585,false
docker_test_8.yml,java_antlr,147,0.0854,false
docker_test_8.yml,java_antlr,148,0.0645,false
docker_test_8.yml,java_antlr,149,0.0893,false
docker_test_8.yml,java_antlr,150,0.0653,false
docker_test_8.yml,java_antlr,151,0.0938,false
docker_test_8.yml,java_antlr,152,0.0586,false
docker_test_8.yml,java_antlr,153,0.0576,false
docker_test_8.yml,java_antlr,154,0.0564,false
docker_test_8.yml,java_antlr,155,0.0951,false
docker_test_8.yml,java_antlr,156,0.2657,false
docker_test_8.yml,java_antlr,157,0.085,false
docker_test_8.yml,java_antlr,158,0.0633,false
docker_test_8.yml,java_antlr,159,0.0994,false
docker_test_8.yml,java_antlr,160,0.0586,false
docker_test_8.yml,java_antlr,161,0.0563,false
docker_test_8.yml,java_antlr,162,0.056,false
docker_test_8.yml,java_antlr,163,0.0672,false
docker_test_8.yml,java_antlr,164,0.0583,false
docker_test_8.yml,java_antlr,165,0.0578,false
docker_test_8.yml,java_antlr,166,0.0584,false
docker_test_8.yml,java_antlr,167,0.0563,false
docker_test_8.yml,java_antlr,168,0.065,false
docker_test_8.yml,java_antlr,169,0.0605,false
docker_test_8.yml,java_antlr,170,0.1279,false
docker_test_8.yml,java_antlr,171,0.0838,false
docker_test_8.yml,java_antlr,172,0.0821,false
docker_test_8.yml,java_antlr,173,0.0745,false
docker_test_8.yml,java_antlr,174,0.1149,false
docker_test_8.yml,java_antlr,175,0.1524,false
docker_test_8.yml,java_antlr,176,0.1246,false
docker_test_8.yml,java_antlr,177,0.11,false
docker_test_8.yml,java_antlr,178,0.1243,false
docker_test_8.yml,java_antlr,179,0.1108,false
docker_test_8.yml,java_antlr,180,0.0741,false
docker_test_8.yml,java_antlr,181,0.0646,false
docker_test_8.yml,java_antlr,182,0.0994,false
docker_test_8.yml,java_antlr,183,0.0774,false
docker_test_8.yml,java_antlr,184,0.0624,false
docker_test_8.yml,java_antlr,185,0.0615,false
docker_test_8.yml,java_antlr,186,0.058,false
docker_test_8.yml,java_antlr,187,0.0576,false
docker_test_8.yml,java_antlr,188,0.0563,false
docker_test_8.yml,java_antlr,189,0.0564,false
docker_test_8.yml,java_antlr,190,0.0665,false
docker_test_8.yml,java_antlr,191,0.1873,false
docker_test_8.yml,java_antlr,192,0.1144,false
docker_test_8.yml,java_antlr,193,0.0835,false
docker_test_8.yml,java_antlr,194,0.0853,false
docker_test_8.yml,java_antlr,195,0.0732,false
docker_test_8.yml,java_antlr,196,0.0717,false
docker_test_8.yml,java_antlr,197,0.0666,false
docker_test_8.yml,java_antlr,198,0.0682,false
docker_test_8.yml,java_antlr,199,0.0696,false
docker_test_9.yml,java_antlr,0,0.2382,false
docker_test_9.yml,java_antlr,1,0.1615,false
docker_test_9.yml,java_antlr,2,0.0749,false
docker_test_9.yml,java_antlr,3,0.0638,false
docker_test_9.yml,java_antlr,4,0.1556,false
docker_test_9.yml,java_antlr,5,0.1154,false
docker_test_9.yml,java_antlr,6,0.1168,false
docker_test_9.yml,java_antlr,7,0.1416,false
docker_test_9.yml,java_antlr,8,0.096,false
docker_test_9.yml,java_antlr,9,0.1165,false
docker_test_9.yml,java_antlr,10,0.0978,false
docker_test_9.yml,java_antlr,11,0.0793,false
docker_test_9.yml,java_antlr,12,0.1377,false
docker_test_9.yml,java_antlr,13,0.1552,false
docker_test_9.yml,java_antlr,14,0.1304,false
docker_test_9.yml,java_antlr,15,0.0699,false
docker_test_9.yml,java_antlr,16,0.0776,false
docker_test_9.yml,java_antlr,17,0.0614,false
docker_test_9.yml,java_antlr,18,0.0579,false
docker_test_9.yml,java_antlr,19,0.0585,false
docker_test_9.yml,java_antlr,20,0.0581,false
docker_test_9.yml,java_antlr,21,0.1254,false
docker_test_9.yml,java_antlr,22,0.0777,false
docker_test_9.yml,java_antlr,23,0.941,false
docker_test_9.yml,java_antlr,24,0.1208,false
docker_test_9.yml,java_antlr,25,0.0863,false
docker_test_9.yml,java_antlr,26,0.1767,false
docker_test_9.yml,java_antlr,27,0.1195,false
docker_test_9.yml,java_antlr,28,0.0992,false
docker_test_9.yml,java_antlr,29,0.0921,false
docker_test_9.yml,java_antlr,30,0.1386,false
docker_test_9.yml,java_antlr,31,0.1127,false
docker_test_9.yml,java_antlr,32,0.1396,false
docker_test_9.yml,java_antlr,33,0.1169,false
docker_test_9.yml,java_antlr,34,0.0697,false
docker_test_9.yml,java_antlr,35,0.1379,false
docker_test_9.yml,java_antlr,36,0.0847,false
docker_test_9.yml,java_antlr,37,0.1154,false
docker_test_9.yml,java_antlr,38,0.0894,false
docker_test_9.yml,java_antlr,39,0.084,false
docker_test_9.yml,java_antlr,40,0.1176,false
docker_test_9.yml,java_antlr,41,0.0883,false
docker_test_9.yml,java_antlr,42,0.0799,false
docker_test_9.yml,java_antlr,43,0.078,false
docker_test_9.yml,java_antlr,44,0.078,false
docker_test_9.yml,java_antlr,45,0.0787,false
docker_test_9.yml,java_antlr,46,0.0755,false
docker_test_9.yml,java_antlr,47,0.0718,false
docker_test_9.yml,java_antlr,48,0.0921,false
docker_test_9.yml,java_antlr,49,0.0884,false
docker_test_9.yml,java_antlr,50,0.0835,false
docker_test_9.yml,java_antlr,51,0.0866,false
docker_test_9.yml,java_antlr,52,0.1063,false
docker_test_9.yml,java_antlr,53,0.0896,false
docker_test_9.yml,java_antlr,54,0.173,false
docker_test_9.yml,java_antlr,55,0.1051,false
docker_test_9.yml,java_antlr,56,0.0933,false
docker_test_9.yml,java_antlr,57,2.219599,false
docker_test_9.yml,java_antlr,58,0.1122,false
docker_test_9.yml,java_antlr,59,0.1037,false
docker_test_9.yml,java_antlr,60,0.1028,false
docker_test_9.yml,java_antlr,61,0.0979,false
docker_test_9.yml,java_antlr,62,0.093,false
docker_test_9.yml,java_antlr,63,0.1214,false
docker_test_9.yml,java_antlr,64,0.2121,false
docker_test_9.yml,java_antlr,65,0.1164,false
docker_test_9.yml,java_antlr,66,0.0858,false
docker_test_9.yml,java_antlr,67,0.0783,false
docker_test_9.yml,java_antlr,68,0.0766,false
docker_test_9.yml,java_antlr,69,0.0664,false
docker_test_9.yml,java_antlr,70,0.0707,false
docker_test_9.yml,java_antlr,71,0.0704,false
docker_test_9.yml,java_antlr,72,0.0922,false
docker_test_9.yml,java_antlr,73,0.0674,false
docker_test_9.yml,java_antlr,74,0.0757,false
docker_test_9.yml,java_antlr,75,0.0758,false
docker_test_9.yml,java_antlr,76,0.183699,false
docker_test_9.yml,java_antlr,77,0.2405,false
docker_test_9.yml,java_antlr,78,0.1056,false
docker_test_9.yml,java_antlr,79,0.1226,false
docker_test_9.yml,java_antlr,80,0.1172,false
docker_test_9.yml,java_antlr,81,0.1073,false
docker_test_9.yml,java_antlr,82,0.1158,false
docker_test_9.yml,java_antlr,83,0.1421,false
docker_test_9.yml,java_antlr,84,0.1098,false
docker_test_9.yml,java_antlr,85,0.5129,false
docker_test_9.yml,java_antlr,86,0.1155,false
docker_test_9.yml,java_antlr,87,0.0873,false
docker_test_9.yml,java_antlr,88,0.1016,false
docker_test_9.yml,java_antlr,89,0.0763,false
docker_test_9.yml,java_antlr,90,0.0737,false
docker_test_9.yml,java_antlr,91,0.1161,false
docker_test_9.yml,java_antlr,92,0.0866,false
docker_test_9.yml,java_antlr,93,0.107,false
docker_test_9.yml,java_antlr,94,0.1195,false
docker_test_9.yml,java_antlr,95,0.164,false
docker_test_9.yml,java_antlr,96,0.1182,false
docker_test_9.yml,java_antlr,97,0.1197,false
docker_test_9.yml,java_antlr,98,0.1098,false
docker_test_9.yml,java_antlr,99,0.1083,false
docker_test_9.yml,java_antlr,100,0.1133,false
docker_test_9.yml,java_antlr,101,0.0933,false
docker_test_9.yml,java_antlr,102,0.1176,false
docker_test_9.yml,java_antlr,103,0.1196,false
docker_test_9.yml,java_antlr,104,0.1053,false
docker_test_9.yml,java_antlr,105,0.0923,false
docker_test_9.yml,java_antlr,106,0.0924,false
docker_test_9.yml,java_antlr,107,0.1193,false
docker_test_9.yml,java_antlr,108,0.0854,false
docker_test_9.yml,java_antlr,109,0.0868,false
docker_test_9.yml,java_antlr,110,0.0802,false
docker_test_9.yml,java_antlr,111,0.0834,false
docker_test_9.yml,java_antlr,112,0.1,false
docker_test_9.yml,java_antlr,113,0.1301,false
docker_test_9.yml,java_antlr,114,0.1079,false
docker_test_9.yml,java_antlr,115,0.0765,false
docker_test_9.yml,java_antlr,116,0.1162,false
docker_test_9.yml,java_antlr,117,0.0922,false
docker_test_9.yml,java_antlr,118,0.2738,false
docker_test_9.yml,java_antlr,119,0.1003,false
docker_test_9.yml,java_antlr,120,0.0712,false
docker_test_9.yml,java_antlr,121,0.0859,false
docker_test_9.yml,java_antlr,122,0.0647,false
docker_test_9.yml,java_antlr,123,0.0605,false
docker_test_9.yml,java_antlr,124,0.0574,false
docker_test_9.yml,java_antlr,125,0.056,false
docker_test_9.yml,java_antlr,126,0.0538,false
docker_test_9.yml,java_antlr,127,0.0711,false
docker_test_9.yml,java_antlr,128,0.0659,false
docker_test_9.yml,java_antlr,129,0.1391,false
docker_test_9.yml,java_antlr,130,0.1057,false
docker_test_9.yml,java_antlr,131,0.1066,false
docker_test_9.yml,java_antlr,132,0.0883,false
docker_test_9.yml,java_antlr,133,0.0643,false
docker_test_9.yml,java_antlr,134,0.1091,false
docker_test_9.yml,java_antlr,135,0.1488,false
docker_test_9.yml,java_antlr,136,0.1095,false
docker_test_9.yml,java_antlr,137,0.1013,false
docker_test_9.yml,java_antlr,138,0.0656,false
docker_test_9.yml,java_antlr,139,0.0589,false
docker_test_9.yml,java_antlr,140,0.058,false
docker_test_9.yml,java_antlr,141,0.0547,false
docker_test_9.yml,java_antlr,142,0.0557,false
docker_test_9.yml,java_antlr,143,0.0561,false
docker_test_9.yml,java_antlr,144,0.0563,false
docker_test_9.yml,java_antlr,145,0.0545,false
docker_test_9.yml,java_antlr,146,0.0738,false
docker_test_9.yml,java_antlr,147,0.0548,false
docker_test_9.yml,java_antlr,148,0.0554,false
docker_test_9.yml,java_antlr,149,0.0578,false
docker_test_9.yml,java_antlr,150,0.0568,false
docker_test_9.yml,java_antlr,151,0.0657,false
docker_test_9.yml,java_antlr,152,0.0549,false
docker_test_9.yml,java_antlr,153,0.0558,false
docker_test_9.yml,java_antlr,154,0.0547,false
docker_test_9.yml,java_antlr,155,0.0567,false
docker_test_9.yml,java_antlr,156,0.0564,false
docker_test_9.yml,java_antlr,157,0.0574,false
docker_test_9.yml,java_antlr,158,0.0631,false
docker_test_9.yml,java_antlr,159,0.2694,false
docker_test_9.yml,java_antlr,160,0.1001,false
docker_test_9.yml,java_antlr,161,0.0676,false
docker_test_9.yml,java_antlr,162,0.0614,false
docker_test_9.yml,java_antlr,163,0.0587,false
docker_test_9.yml,java_antlr,164,0.056,false
docker_test_9.yml,java_antlr,165,2.2739,false
docker_test_9.yml,java_antlr,166,0.1062,false
docker_test_9.yml,java_antlr,167,0.1089,false
docker_test_9.yml,java_antlr,168,0.1088,false
docker_test_9.yml,java_antlr,169,0.1658,false
docker_test_9.yml,java_antlr,170,0.1461,false
docker_test_9.yml,java_antlr,171,0.0947,false
docker_test_9.yml,java_antlr,172,0.066,false
docker_test_9.yml,java_antlr,173,0.1077,false
docker_test_9.yml,java_antlr,174,0.0684,false
docker_test_9.yml,java_antlr,175,0.0595,false
docker_test_9.yml,java_antlr,176,0.1544,false
docker_test_9.yml,java_antlr,177,0.0846,false
docker_test_9.yml,java_antlr,178,0.0785,false
docker_test_9.yml,java_antlr,179,0.0769,false
docker_test_9.yml,java_antlr,180,0.0779,false
docker_test_9.yml,java_antlr,181,0.0736,false
docker_test_9.yml,java_antlr,182,0.0778,false
docker_test_9.yml,java_antlr,183,0.1114,false
docker_test_9.yml,java_antlr,184,0.0892,false
docker_test_9.yml,java_antlr,185,0.072,false
docker_test_9.yml,java_antlr,186,0.0787,false
docker_test_9.yml,java_antlr,187,0.0562,false
docker_test_9.yml,java_antlr,188,0.0543,false
docker_test_9.yml,java_antlr,189,0.1001,false
docker_test_9.yml,java_antlr,190,0.1369,false
docker_test_9.yml,java_antlr,191,0.1158,false
docker_test_9.yml,java_antlr,192,0.101,false
docker_test_9.yml,java_antlr,193,0.0663,false
docker_test_9.yml,java_antlr,194,0.0557,false
docker_test_9.yml,java_antlr,195,0.0569,false
docker_test_9.yml,java_antlr,196,0.0555,false
docker_test_9.yml,java_antlr,197,0.053,false
docker_test_9.yml,java_antlr,198,0.0541,false
docker_test_9.yml,java_antlr,199,0.0554,false
